ID,Warehouse_block,Mode_of_Shipment,Customer_care_calls,Customer_rating,Cost_of_the_Product,Prior_purchases,Product_importance,Gender,Discount_offered,Weight_in_gms,Reached.on.Time_Y.N
1,B,Ship,4,3,184,3,low,F,9,5602,0
2,C,Ship,6,3,195,2,medium,M,21,3869,1
3,B,Ship,5,3,243,6,low,F,10,1078,1
4,C,Ship,6,3,253,4,medium,F,9,1823,0
5,C,Ship,5,1,245,3,medium,M,9,5690,0
6,B,Road,5,1,203,3,low,F,2,4162,1
7,C,Ship,4,1,202,3,,F,18,3940,1
8,A,Ship,4,2,231,4,medium,F,6,2512,1
9,A,Ship,3,5,155,4,low,F,1,4432,1
10,C,Ship,3,1,223,7,high,M,5,4439,1
11,C,Ship,3,2,169,10,medium,F,4,1665,1
12,A,Flight,3,5,151,3,low,M,3,1273,1
13,C,Ship,3,5,180,4,medium,F,59,1481,1
14,C,Ship,4,3,213,3,medium,M,57,3599,1
15,A,Flight,4,5,265,2,medium,F,9,5135,1
16,C,Flight,5,2,172,4,high,F,61,1161,1
17,B,Ship,6,4,299,4,low,F,9,1817,0
18,C,Ship,5,1,258,3,medium,M,7,4466,1
19,C,Flight,3,4,143,2,medium,F,6,1194,1
20,A,Ship,4,2,224,3,low,F,3,5967,0
21,B,Road,5,1,248,2,low,F,9,5881,1
22,B,Ship,4,2,258,3,high,M,10,4643,1
23,A,Ship,4,4,264,6,low,F,6,1758,0
24,B,Ship,5,4,186,10,low,F,24,3621,1
25,B,Ship,6,5,266,4,low,M,8,1709,0
26,B,Ship,4,3,173,2,low,F,10,1179,1
27,C,Ship,3,5,196,3,low,F,5,4891,0
28,A,Ship,4,1,261,6,low,F,6,5861,0
29,C,Ship,4,3,246,3,medium,F,52,2440,1
30,A,Ship,4,4,175,3,medium,M,2,4004,0
31,A,Road,2,5,273,2,high,M,5,4236,0
32,C,Ship,6,4,224,4,low,F,6,4493,0
33,C,Ship,2,5,175,5,low,F,8,4269,0
34,B,Road,3,1,112,5,medium,F,41,1249,1
35,C,Ship,4,3,206,4,medium,M,1,4812,1
36,A,Ship,3,2,209,2,low,F,24,2748,1
37,A,Ship,4,2,162,2,low,M,16,1014,1
38,C,Ship,6,4,260,5,medium,M,2,4687,1
39,C,Flight,5,2,276,6,medium,F,6,1043,0
40,A,Flight,4,5,161,3,low,F,5,4732,0
41,A,Ship,3,2,177,3,medium,M,8,5006,1
42,B,Flight,3,1,199,6,medium,F,7,4805,0
43,B,Ship,4,5,148,2,low,M,2,4883,1
44,B,Flight,3,3,176,8,medium,M,10,4376,1
45,B,Ship,5,3,229,5,low,F,1,1424,0
46,C,Ship,5,1,250,4,medium,M,10,5306,1
47,C,Flight,4,2,252,3,low,F,1,4176,0
48,A,Ship,5,1,200,8,low,F,18,3806,1
49,C,Ship,5,3,198,4,medium,M,2,5316,0
50,A,Ship,5,2,121,5,high,F,4,5833,0
51,B,Flight,5,2,227,3,medium,M,2,4058,1
52,B,Ship,3,1,215,2,medium,F,9,4940,0
53,B,Road,4,1,173,3,low,F,5,5232,0
54,B,Ship,6,1,283,5,low,F,9,1311,1
55,C,Road,4,4,185,2,medium,F,1,4729,0
56,A,Ship,3,1,194,3,low,F,1,5566,0
57,B,Flight,2,4,225,10,high,M,46,2690,1
58,C,Ship,5,1,148,3,low,F,5,5790,0
59,A,Ship,3,2,143,4,low,F,3,5845,0
60,B,Ship,3,3,149,3,low,F,63,1946,1
61,A,Ship,3,1,235,10,low,M,56,2175,1
62,A,Ship,4,1,251,4,medium,F,33,2906,1
63,B,Road,5,3,197,5,low,F,1,5581,0
64,C,Ship,4,3,207,3,low,F,7,4220,1
65,A,Flight,4,5,270,3,low,M,30,2720,1
66,C,Ship,3,5,190,10,,F,27,2739,1
67,B,Road,4,2,227,5,low,M,7,1354,1
68,C,Ship,4,3,158,3,high,M,1,5089,1
69,C,Ship,3,3,133,6,low,F,10,1686,1
70,B,Flight,3,2,169,2,medium,M,61,1511,1
71,B,Ship,4,5,234,3,medium,F,3,5142,1
72,A,Road,4,1,262,6,low,F,3,1830,1
73,C,Ship,3,3,214,2,low,M,21,3342,1
74,A,Ship,2,5,205,6,low,M,2,5671,0
75,C,Ship,4,2,166,3,medium,F,8,4758,0
76,A,Flight,4,1,195,2,low,F,3,4165,0
77,B,Ship,5,1,224,2,medium,M,4,5063,0
78,B,Ship,4,4,159,2,low,M,4,4648,1
79,A,Ship,7,3,286,4,low,F,3,1670,0
80,C,Ship,5,1,241,2,medium,F,3,5391,1
81,A,Ship,4,3,104,5,low,F,6,4617,1
82,B,Road,5,4,269,2,medium,F,2,5962,0
83,C,Ship,4,2,216,4,medium,M,3,4887,1
84,B,Ship,4,4,151,2,low,M,3,4105,1
85,C,Ship,4,5,194,3,medium,M,3,5168,1
86,C,Ship,4,2,170,2,low,F,1,1446,1
87,A,Ship,6,2,118,2,low,F,2,1744,1
88,B,Ship,3,1,202,3,medium,M,5,1556,1
89,B,Ship,2,3,230,3,low,F,4,5127,0
90,B,Ship,3,3,151,6,low,F,6,4279,0
91,A,Ship,3,3,224,4,medium,M,10,4147,0
92,A,Ship,2,5,231,2,low,F,10,4406,1
93,C,Ship,5,1,111,4,high,F,2,5978,1
94,A,Ship,7,3,296,4,medium,M,8,1826,1
95,B,Ship,3,1,218,4,low,M,6,5480,1
96,A,Flight,5,2,162,4,medium,M,7,5477,1
97,C,Ship,4,5,246,6,low,M,1,1400,1
98,B,Ship,3,1,244,3,medium,F,1,5695,1
99,A,Ship,2,3,274,4,medium,F,10,4798,1
100,A,Flight,3,1,185,2,medium,F,34,3299,1
101,A,Ship,3,1,223,3,low,F,22,3795,1
102,C,Ship,4,5,206,2,low,F,10,4264,1
103,A,Ship,5,2,241,3,low,F,10,4244,1
104,A,Ship,4,5,261,3,high,F,2,4954,1
105,C,Ship,5,1,203,3,low,M,10,4750,0
106,C,Ship,4,5,146,4,low,F,25,1606,1
107,A,Ship,5,3,266,3,medium,F,4,4195,0
108,C,Flight,4,5,221,3,low,F,6,5895,0
109,B,Flight,6,3,269,4,medium,F,3,1022,0
110,C,Ship,4,5,233,3,medium,F,2,4501,0
111,B,Flight,5,1,264,2,medium,F,3,4056,1
112,A,Ship,6,2,294,4,low,M,57,1265,1
113,A,Ship,3,1,187,5,low,F,6,4698,0
114,C,Ship,3,4,269,3,medium,F,21,3716,1
115,A,Ship,4,3,185,3,medium,F,10,2263,1
116,B,Ship,4,1,232,5,medium,F,7,1899,1
117,A,Ship,4,4,189,4,high,F,56,2646,1
118,A,Ship,5,2,249,5,high,F,28,2846,1
119,B,Ship,3,1,169,10,medium,F,15,1107,1
120,A,Ship,3,4,164,3,medium,M,13,1158,1
121,A,Ship,6,4,271,4,medium,M,8,1867,0
122,A,Ship,5,3,229,2,medium,M,10,5149,0
123,C,Flight,3,1,101,3,medium,M,7,4275,1
124,A,Flight,3,2,227,2,medium,M,9,4659,0
125,C,Ship,5,2,226,5,medium,M,5,1323,0
126,B,Ship,4,3,184,3,,F,5,4712,1
127,C,Flight,3,2,134,3,low,F,20,1391,1
128,B,Ship,4,4,177,2,low,M,6,1112,1
129,A,Road,3,1,216,4,medium,F,4,4416,0
130,C,Ship,4,5,213,3,medium,F,42,3121,1
131,C,Ship,7,4,281,4,low,M,9,1970,0
132,A,Ship,3,3,189,3,medium,F,1,5896,1
133,C,Ship,3,3,149,2,medium,M,7,1145,1
134,C,Ship,4,5,160,5,medium,F,3,4648,1
135,B,Flight,3,4,217,2,medium,F,9,5450,0
136,C,Ship,5,5,152,4,low,F,10,5913,1
137,A,Ship,2,2,153,3,low,F,55,1273,1
138,B,Ship,2,4,147,2,medium,F,65,1738,1
139,A,Road,6,1,278,4,medium,M,6,1576,0
140,B,Flight,3,3,158,3,low,M,1,5502,0
141,A,Ship,5,1,254,6,low,M,1,1021,0
142,A,Ship,4,3,121,2,medium,M,11,1906,1
143,C,Ship,5,2,160,3,high,M,3,4599,0
144,A,Ship,3,4,247,3,low,F,4,5844,0
145,C,Ship,5,4,185,4,medium,M,31,3565,1
146,A,Road,4,2,144,3,low,M,2,4264,0
147,A,Flight,4,1,227,3,high,M,8,4795,0
148,B,Ship,4,3,253,5,low,F,10,1464,0
149,A,Road,3,3,256,4,medium,M,3,4732,0
150,B,Flight,5,5,142,4,medium,M,8,5372,0
151,B,Road,5,4,280,4,low,F,19,3298,1
152,A,Road,6,5,248,3,low,F,3,5709,1
153,C,Ship,3,1,150,2,low,F,6,5355,0
154,C,Flight,5,2,265,4,low,F,7,4883,0
155,A,Road,2,3,264,4,low,F,10,1648,1
156,A,Flight,2,5,271,3,low,M,4,5775,0
157,B,Road,4,2,185,4,medium,F,36,2583,1
158,B,Flight,5,5,240,3,medium,F,12,2723,1
159,A,Ship,3,5,261,3,medium,M,15,2989,1
160,B,Flight,5,5,216,6,low,M,54,2075,1
161,B,Road,3,4,149,2,medium,F,37,1080,1
162,C,Road,6,5,263,7,high,M,9,5991,1
163,A,Ship,4,3,221,2,low,F,6,4114,1
164,C,Road,3,2,262,2,low,F,26,2370,1
165,A,Ship,3,5,267,2,low,F,16,2913,1
166,B,Flight,3,2,160,3,medium,M,3,5807,0
167,C,Ship,3,5,193,3,high,F,10,5991,1
168,A,Road,4,3,152,2,medium,M,18,1537,1
169,B,Ship,3,1,153,2,low,M,7,5292,1
170,C,Ship,5,1,298,4,low,F,4,1853,0
171,C,Ship,4,2,220,5,low,M,33,2854,1
172,C,Road,4,2,231,6,low,M,8,5227,0
173,A,Ship,4,5,243,5,low,M,7,1243,1
174,B,Road,4,1,245,5,low,M,3,1496,1
175,C,Ship,5,4,228,3,medium,M,20,3382,1
176,C,Road,5,4,217,3,medium,F,8,4949,1
177,A,Ship,4,2,262,2,low,F,37,3523,1
178,C,Ship,4,3,154,3,low,M,33,1101,1
179,B,Ship,4,1,157,2,medium,F,7,4690,1
180,A,Ship,3,3,213,10,medium,M,2,4847,0
181,A,Road,5,1,179,3,low,F,62,1945,1
182,B,Road,3,3,160,2,medium,F,3,4665,0
183,C,Ship,5,5,172,2,medium,F,40,1446,1
184,B,Flight,3,3,207,7,,M,19,2182,1
185,B,Flight,3,3,121,2,low,M,10,5130,1
186,A,Ship,4,4,201,2,medium,F,8,5790,0
187,A,Ship,3,1,257,4,low,M,8,4692,1
188,A,Ship,5,5,243,6,low,M,9,1348,0
189,B,Ship,5,5,193,3,low,F,3,5037,0
190,C,Flight,6,3,275,6,low,M,4,4875,0
191,A,Ship,5,5,98,2,medium,M,2,4125,1
192,C,Ship,5,5,210,4,medium,M,9,5081,1
193,C,Ship,4,3,220,3,low,F,6,4894,1
194,A,Ship,5,4,134,2,low,F,20,1549,1
195,C,Ship,4,2,179,3,low,M,3,5284,0
196,C,Ship,3,3,157,4,low,F,2,5715,1
197,A,Ship,4,3,171,4,low,F,55,1539,1
198,C,Ship,4,5,205,4,medium,F,5,5264,0
199,C,Ship,5,3,252,4,medium,M,63,3729,1
200,C,Ship,6,5,300,5,low,M,1,1188,0
201,C,Ship,4,2,144,4,medium,F,2,4316,0
202,C,Road,3,5,135,2,medium,M,7,5331,0
203,B,Ship,5,3,159,3,low,M,7,5462,1
204,A,Ship,3,3,154,4,high,F,2,4921,1
205,A,Ship,3,1,146,2,medium,F,8,5375,0
206,C,Flight,2,2,264,3,medium,M,1,4518,0
207,C,Ship,4,5,223,3,medium,F,9,5279,1
208,C,Ship,3,4,169,4,medium,F,32,1245,1
209,B,Ship,4,3,142,4,low,M,29,1420,1
210,A,Ship,4,2,139,3,medium,M,5,1674,1
211,B,Ship,6,4,268,4,medium,M,9,1354,1
212,C,Ship,5,4,178,7,medium,M,52,1824,1
213,A,Road,3,3,183,3,medium,M,21,2585,1
214,B,Ship,3,2,179,3,low,M,4,4102,1
215,A,Ship,4,5,157,2,medium,F,1,5054,0
216,C,Ship,4,3,273,10,medium,F,8,4896,0
217,B,Ship,3,3,216,4,low,F,9,5107,1
218,B,Ship,3,4,185,2,low,F,62,2849,1
219,C,Ship,2,5,181,5,medium,F,5,1043,0
220,A,Ship,4,1,224,4,medium,F,5,4887,0
221,B,Flight,5,2,278,2,low,F,17,2493,1
222,C,Ship,4,3,177,4,low,M,38,1767,1
223,A,Ship,5,1,246,2,low,F,4,5461,0
224,B,Ship,4,1,201,4,medium,M,59,2925,1
225,B,Ship,6,4,309,4,low,M,9,1771,1
226,C,Ship,6,1,206,6,medium,F,8,4243,1
227,A,Road,5,1,260,2,low,M,4,5580,0
228,A,Flight,5,1,222,3,high,M,21,2351,1
229,A,Flight,6,5,267,4,low,M,3,1550,0
230,A,Ship,3,5,195,2,low,F,42,3814,1
231,A,Ship,3,4,213,3,high,M,7,5516,1
232,C,Ship,3,3,199,5,medium,F,10,4847,1
233,B,Ship,5,2,244,3,low,M,8,3571,1
234,A,Ship,3,2,156,8,medium,M,6,5637,1
235,C,Ship,3,2,260,3,medium,F,2,2176,1
236,B,Road,4,1,260,3,low,M,9,4239,0
237,C,Road,3,5,109,5,low,M,27,1581,1
238,B,Road,4,3,252,2,medium,F,51,2658,1
239,A,Road,4,5,168,4,medium,M,5,5735,1
240,C,Ship,3,5,175,2,low,F,40,1460,1
241,B,Road,3,4,157,2,medium,M,12,1694,1
242,A,Flight,7,5,302,4,low,M,3,1597,1
243,A,Road,3,1,155,2,low,M,7,4221,1
244,A,Ship,6,3,271,4,medium,F,1,1733,0
245,C,Ship,3,2,181,3,low,M,4,5966,1
246,C,Road,4,1,239,3,medium,F,9,4930,1
247,A,Road,2,3,263,3,low,M,10,5997,0
248,C,Ship,3,1,159,3,low,M,10,4358,1
249,A,Road,4,4,249,6,low,F,1,1398,1
250,B,Road,3,1,190,3,low,F,1,5065,1
251,C,Flight,4,2,134,3,medium,F,1,4064,1
252,A,Ship,4,1,235,4,low,M,22,2066,1
253,B,Ship,4,4,153,3,low,M,13,1402,1
254,C,Ship,2,2,112,4,medium,M,56,1138,1
255,C,Flight,6,3,257,4,low,F,4,1358,1
256,C,Ship,6,5,301,5,medium,F,7,1209,1
257,A,Flight,3,1,139,3,high,F,6,1269,1
258,C,Ship,6,3,274,4,low,M,10,1174,0
259,C,Road,4,3,204,2,low,F,7,4717,1
260,A,Ship,4,3,207,2,medium,M,5,4286,0
261,C,Ship,4,1,252,3,medium,M,4,5540,0
262,C,Ship,4,4,133,2,medium,F,4,4724,0
263,C,Ship,2,3,248,4,high,F,2,4521,0
264,C,Ship,6,4,261,4,low,F,5,1794,1
265,A,Road,3,5,242,3,medium,F,3,2268,1
266,B,Ship,4,1,136,3,medium,F,4,5060,1
267,A,Road,2,4,155,5,low,M,9,1740,1
268,B,Road,4,3,141,2,low,F,8,4331,0
269,C,Road,3,3,274,2,medium,F,59,3436,1
270,A,Ship,5,1,269,3,low,F,5,5031,0
271,A,Flight,2,5,277,3,medium,F,6,1057,0
272,A,Ship,3,3,273,6,low,M,6,1771,1
273,A,Road,5,3,240,6,medium,F,3,1321,0
274,B,Ship,4,5,248,3,low,M,7,5853,0
275,C,Flight,5,5,246,5,low,F,6,1300,0
276,C,Ship,4,2,139,5,low,F,52,1977,1
277,B,Ship,3,2,247,2,low,F,2,4677,0
278,A,Ship,3,3,220,7,low,M,25,2141,1
279,B,Ship,3,3,163,2,high,F,10,5364,1
280,A,Flight,4,4,137,4,medium,F,5,5095,0
281,A,Ship,3,2,146,6,medium,F,62,1162,1
282,B,Ship,5,2,140,3,medium,F,16,1969,1
283,C,Ship,4,4,163,6,medium,M,1,4584,0
284,A,Flight,6,4,284,4,low,F,9,1436,0
285,A,Ship,4,2,252,3,medium,F,43,3273,1
286,B,Flight,3,5,210,3,low,M,6,5566,0
287,A,Ship,4,3,230,3,low,F,62,2236,1
288,C,Ship,3,2,159,3,medium,M,4,5577,1
289,A,Flight,4,4,252,3,medium,F,7,2477,1
290,B,Ship,3,4,247,4,low,M,59,2939,1
291,B,Ship,5,3,167,3,low,F,5,1772,1
292,B,Road,4,4,192,4,low,F,2,5856,1
293,A,Ship,3,4,157,3,low,F,32,1370,1
294,A,Ship,4,4,258,3,high,M,10,4958,1
295,B,Ship,3,3,162,2,medium,M,65,1184,1
296,A,Ship,3,2,139,3,high,F,4,1546,1
297,A,Ship,4,3,296,3,low,M,4,1991,0
298,C,Ship,4,3,175,4,medium,F,4,5685,0
299,B,Road,5,1,109,2,high,M,23,1479,1
300,B,Flight,5,5,133,3,low,M,63,1218,1
301,A,Ship,7,5,254,4,medium,F,1,1347,0
302,B,Ship,6,1,170,3,low,F,10,4858,0
303,C,Ship,4,2,216,3,low,F,12,2273,1
304,A,Ship,3,4,166,2,medium,F,58,1319,1
305,A,Flight,5,1,271,5,low,M,4,1353,0
306,B,Road,5,3,265,5,low,F,3,1005,1
307,B,Flight,3,5,108,2,low,F,10,5559,1
308,B,Flight,3,3,201,2,medium,F,8,5032,1
309,A,Ship,5,2,238,5,low,F,4,1962,0
310,A,Road,3,1,232,2,medium,M,10,4719,0
311,A,Road,3,3,137,3,high,M,7,5794,1
312,A,Ship,6,3,282,4,low,M,9,1417,1
313,C,Ship,4,2,174,2,low,F,8,4295,0
314,A,Ship,3,2,232,3,low,F,64,3131,1
315,B,Road,4,1,237,3,medium,F,8,5668,1
316,B,Ship,2,4,102,4,medium,F,6,5421,0
317,B,Ship,5,1,155,2,medium,F,40,1024,1
318,C,Ship,3,1,242,8,medium,F,8,5401,0
319,B,Road,3,3,151,3,low,F,24,1139,1
320,C,Road,5,3,202,3,low,M,4,4134,1
321,C,Ship,2,4,129,3,low,F,48,1219,1
322,A,Ship,4,4,266,3,low,M,10,5221,0
323,C,Ship,5,5,141,3,high,M,41,1367,1
324,C,Road,4,5,273,2,low,F,9,5724,0
325,A,Road,5,3,263,3,medium,F,2,4688,0
326,A,Road,3,4,250,2,high,M,61,3207,1
327,C,Ship,3,4,145,8,low,F,24,1594,1
328,B,Ship,3,3,138,4,low,M,56,1440,1
329,B,Ship,7,3,267,4,low,M,7,1384,0
330,A,Flight,3,5,214,8,high,M,50,3628,1
331,C,Ship,5,5,240,2,low,F,7,4409,1
332,B,Ship,5,3,194,4,low,M,9,5851,0
333,B,Ship,5,1,229,4,medium,M,1,4584,1
334,B,Ship,4,2,256,4,medium,M,4,5469,0
335,B,Ship,7,2,254,4,medium,F,9,1788,0
336,A,Road,5,2,187,2,medium,F,29,2863,1
337,B,Ship,3,2,209,2,medium,F,2,4635,0
338,B,Ship,6,5,289,4,low,M,5,1600,1
339,C,Ship,4,1,274,5,low,F,5,1581,1
340,B,Flight,5,1,232,5,medium,F,7,1069,1
341,A,Road,4,5,274,10,medium,F,5,3910,1
342,A,Flight,5,5,213,3,medium,M,5,5247,0
343,A,Road,3,1,180,3,high,F,21,1047,1
344,B,Ship,4,5,185,2,low,F,47,3974,1
345,A,Ship,4,4,129,6,medium,F,7,4873,1
346,B,Ship,3,1,180,7,medium,M,10,5536,0
347,B,Ship,5,5,167,3,low,M,10,5591,0
348,B,Road,6,5,295,4,medium,M,2,1981,0
349,A,Road,5,3,236,3,medium,M,7,3589,1
350,C,Road,3,3,273,10,medium,F,10,5574,1
351,C,Ship,4,2,158,4,low,F,13,1785,1
352,C,Ship,3,3,255,2,low,M,8,5955,1
353,B,Ship,5,3,204,3,high,F,1,4037,1
354,B,Ship,3,1,178,3,high,F,36,1297,1
355,A,Ship,5,1,172,2,low,F,9,1723,0
356,C,Road,4,2,190,4,medium,M,61,2077,1
357,C,Ship,5,5,263,5,medium,M,2,1417,0
358,A,Road,5,2,156,4,medium,M,39,1204,1
359,A,Ship,3,1,169,3,low,F,6,4081,1
360,A,Ship,4,5,142,2,medium,F,7,4594,1
361,B,Flight,3,1,211,2,low,F,45,3332,1
362,C,Flight,6,2,148,4,low,M,56,1511,1
363,C,Ship,3,2,158,3,high,F,59,1307,1
364,C,Ship,4,3,191,3,medium,F,6,4563,0
365,A,Ship,3,5,271,4,low,F,10,1679,1
366,B,Road,3,1,242,4,low,M,10,4809,1
367,C,Ship,3,2,162,3,medium,M,4,4812,1
368,B,Ship,4,2,138,3,low,F,30,1805,1
369,C,Road,3,5,179,2,low,F,17,1364,1
370,C,Road,6,4,286,4,medium,F,5,4262,0
371,C,Ship,2,1,176,3,low,F,15,1996,1
372,B,Flight,4,3,149,3,medium,F,3,4781,1
373,A,Ship,4,4,247,2,medium,M,9,5095,0
374,C,Ship,4,3,185,5,low,F,9,5648,0
375,C,Ship,6,1,286,4,medium,M,1,1636,0
376,A,Ship,3,2,168,3,medium,M,2,4231,0
377,C,Ship,5,2,206,4,low,M,5,1149,0
378,C,Ship,4,3,239,2,medium,F,7,5384,0
379,B,Road,5,1,218,5,medium,M,8,1651,1
380,C,Ship,3,5,198,4,low,F,10,4829,0
381,B,Road,5,5,268,4,low,F,9,4208,0
382,C,Ship,5,5,172,2,low,M,5,5791,0
383,C,Road,3,4,231,2,high,F,6,4452,0
384,C,Road,3,3,241,3,low,F,6,5261,0
385,A,Ship,4,4,192,4,medium,F,46,3599,1
386,B,Road,6,5,154,2,high,M,7,4359,1
387,B,Ship,4,1,208,2,low,M,6,5266,0
388,A,Road,3,1,159,2,medium,F,44,1806,1
389,A,Road,6,4,282,4,low,M,6,1580,0
390,C,Ship,2,5,176,3,low,F,4,5463,0
391,A,Ship,6,1,283,4,low,M,8,1404,0
392,A,Road,5,3,174,3,medium,F,7,5510,1
393,B,Ship,4,3,222,2,medium,M,55,3833,1
394,A,Ship,5,4,252,5,low,M,9,1133,1
395,A,Ship,4,2,228,5,low,F,3,1473,1
396,B,Ship,6,2,309,4,medium,F,8,1930,0
397,A,Ship,3,5,166,3,high,F,31,1117,1
398,B,Ship,4,2,145,3,medium,F,7,5823,0
399,C,Ship,5,2,121,5,medium,F,10,4790,0
400,B,Road,3,5,174,6,medium,F,7,4608,0
401,C,Ship,6,1,286,4,medium,M,10,1177,1
402,B,Flight,5,4,99,2,high,F,4,4259,0
403,A,Ship,4,4,239,5,low,F,6,1239,0
404,B,Road,4,5,185,2,low,M,6,4610,0
405,B,Ship,4,5,262,4,low,M,16,2871,1
406,A,Road,4,1,245,2,low,M,5,5324,1
407,C,Ship,2,5,286,6,medium,F,5,5490,0
408,A,Ship,3,1,183,2,low,M,5,5329,1
409,A,Ship,5,5,194,3,low,M,47,2256,1
410,C,Ship,7,5,278,4,low,F,5,1126,1
411,B,Ship,5,1,234,3,medium,M,40,3340,1
412,B,Ship,3,4,161,3,low,F,25,1048,1
413,B,Ship,4,5,257,2,low,M,3,5394,0
414,C,Flight,3,1,186,3,medium,F,11,3800,1
415,B,Ship,4,2,251,2,low,F,10,4898,1
416,B,Ship,6,2,305,4,low,F,9,1567,0
417,A,Flight,7,2,253,4,low,M,1,1294,1
418,C,Ship,3,1,196,2,low,M,10,4141,1
419,A,Ship,5,5,257,3,medium,F,5,5084,0
420,C,Ship,3,2,179,8,high,M,3,4584,0
421,B,Ship,7,2,248,4,medium,F,1,1163,1
422,C,Ship,6,3,301,5,low,F,2,1452,1
423,C,Road,4,2,161,3,medium,F,10,1928,1
424,B,Road,2,1,115,3,high,M,42,1247,1
425,C,Ship,4,2,142,10,high,F,9,4280,1
426,C,Ship,4,3,261,3,low,F,9,5994,1
427,B,Ship,5,1,220,5,low,F,4,1156,1
428,C,Ship,3,4,191,4,medium,F,43,2903,1
429,A,Ship,3,5,224,3,low,M,6,5115,0
430,B,Flight,3,5,230,3,high,M,4,5189,1
431,B,Road,5,3,160,3,high,M,25,1977,1
432,A,Ship,7,3,307,4,low,M,4,1653,0
433,C,Ship,4,5,133,3,low,F,53,1467,1
434,B,Ship,4,1,134,2,medium,F,7,5967,0
435,B,Road,5,5,265,5,medium,F,8,1867,0
436,B,Ship,6,2,294,4,low,M,35,1625,1
437,A,Ship,4,5,156,3,low,M,5,4610,0
438,C,Ship,6,1,264,4,low,M,10,1960,0
439,A,Ship,3,5,143,2,low,F,6,4253,0
440,A,Ship,5,2,145,3,medium,M,2,4836,0
441,C,Ship,5,5,196,4,medium,M,8,4604,1
442,B,Ship,4,4,261,5,medium,F,2,1690,1
443,B,Ship,5,2,203,6,medium,F,7,5289,0
444,A,Ship,5,3,113,3,medium,F,5,4743,0
445,A,Ship,3,4,121,3,low,F,63,1611,1
446,C,Ship,4,3,184,4,low,M,4,4030,1
447,B,Ship,6,2,266,4,medium,M,3,1090,0
448,B,Ship,3,3,234,3,medium,F,8,2334,1
449,C,Ship,3,5,156,8,medium,F,9,4733,1
450,B,Road,2,4,140,3,low,M,32,1819,1
451,C,Ship,4,4,205,3,low,F,58,2522,1
452,A,Road,3,5,204,2,low,M,1,4133,0
453,B,Road,2,4,269,4,low,M,2,4267,1
454,B,Ship,4,4,162,2,medium,M,8,1386,1
455,C,Flight,4,5,138,3,low,F,64,1708,1
456,A,Road,5,1,268,5,medium,M,1,4704,0
457,B,Road,4,2,186,3,low,M,6,4524,0
458,B,Flight,5,5,251,6,medium,M,4,1077,0
459,C,Ship,4,3,181,4,low,F,8,5106,0
460,C,Ship,3,5,220,2,low,F,1,5663,0
461,A,Ship,3,5,169,3,low,M,1,4636,1
462,A,Ship,5,4,255,3,low,F,1,5775,1
463,C,Ship,4,3,158,2,low,M,46,1374,1
464,C,Ship,2,4,221,3,low,F,3,4076,0
465,C,Ship,5,1,262,5,medium,F,9,1893,0
466,C,Ship,3,1,219,2,medium,F,10,4390,1
467,C,Ship,3,2,175,4,medium,F,17,1276,1
468,B,Ship,3,2,199,3,medium,F,8,4164,1
469,C,Ship,4,1,205,3,low,F,10,4923,0
470,C,Road,3,1,182,3,low,M,2,5760,0
471,B,Ship,5,1,232,3,low,F,10,1014,1
472,B,Road,3,1,220,2,high,F,40,3773,1
473,B,Ship,2,4,248,3,low,F,7,4142,0
474,A,Ship,6,3,281,4,medium,F,8,1884,0
475,A,Road,6,4,201,2,low,M,4,5916,1
476,B,Road,4,4,218,2,medium,F,3,5692,1
477,C,Road,5,1,105,5,low,M,1,1101,1
478,A,Ship,5,3,131,8,low,F,5,4149,1
479,B,Ship,4,3,175,3,low,F,2,5208,0
480,A,Ship,5,5,156,4,low,F,5,5987,1
481,B,Ship,4,3,259,3,high,M,45,3761,1
482,A,Ship,6,4,281,3,low,F,7,5180,0
483,B,Ship,2,3,239,3,high,M,1,5910,0
484,A,Flight,3,3,253,4,medium,F,57,2489,1
485,C,Ship,5,3,220,6,medium,F,6,1830,1
486,A,Ship,3,5,237,3,low,M,55,2451,1
487,A,Ship,3,5,216,4,low,F,3,4934,0
488,C,Road,3,3,149,3,low,F,63,1196,1
489,A,Ship,5,5,218,5,medium,F,7,1692,0
490,C,Road,6,3,260,4,low,M,4,1358,0
491,A,Ship,2,2,157,3,low,M,1,1477,1
492,C,Road,6,2,263,6,low,F,4,4591,1
493,B,Ship,3,4,256,4,low,M,11,3030,1
494,B,Ship,2,1,163,3,low,F,3,5873,1
495,B,Ship,6,4,279,4,low,F,1,1246,1
496,A,Flight,5,3,241,5,low,F,2,1834,1
497,B,Ship,2,5,160,3,medium,F,31,7401,1
498,C,Ship,4,3,216,4,medium,M,3,4750,0
499,B,Flight,3,2,238,4,medium,F,49,3179,1
500,C,Ship,5,4,226,6,low,F,3,1223,1
501,B,Ship,5,2,239,2,medium,F,15,2471,1
502,B,Ship,5,5,133,2,low,F,18,1134,1
503,C,Ship,3,2,225,3,low,M,3,5529,0
504,C,Ship,3,4,255,3,medium,F,10,5291,1
505,A,Ship,5,3,170,3,medium,M,10,4198,0
506,B,Road,4,5,244,4,medium,F,2,5365,1
507,C,Road,6,2,140,2,high,M,1,4053,0
508,A,Ship,3,2,183,3,medium,F,44,3809,1
509,A,Ship,3,2,187,3,medium,F,7,5334,0
510,C,Ship,4,1,211,2,medium,F,44,3099,1
511,C,Flight,5,4,248,3,low,M,7,5335,1
512,B,Ship,5,4,217,5,high,F,3,1007,1
513,B,Flight,5,3,171,3,medium,F,7,4994,0
514,A,Ship,6,2,247,4,medium,M,8,1941,0
515,C,Ship,5,1,240,5,low,M,2,1400,1
516,A,Ship,3,5,190,10,medium,M,32,2931,1
517,C,Ship,6,5,211,4,medium,F,4,4032,0
518,C,Flight,2,3,251,3,low,F,2,3351,1
519,A,Ship,3,1,135,4,medium,M,47,1840,1
520,C,Ship,4,3,177,3,medium,F,4,4551,0
521,B,Ship,5,5,263,4,low,F,9,1551,0
522,B,Ship,3,3,191,3,low,M,5,2007,1
523,C,Ship,3,1,140,3,medium,F,65,1291,1
524,B,Flight,4,3,153,3,low,M,5,5743,1
525,C,Road,6,3,310,4,low,F,2,1189,0
526,C,Ship,5,1,257,5,medium,M,1,1102,1
527,A,Ship,4,3,214,2,low,M,57,2078,1
528,C,Ship,6,2,246,4,low,M,4,1555,0
529,B,Ship,5,4,228,3,medium,M,42,3145,1
530,C,Ship,3,1,238,2,low,M,9,5158,0
531,C,Ship,5,1,259,3,high,F,37,3023,1
532,C,Ship,5,2,173,3,low,M,8,4797,1
533,B,Flight,4,5,142,3,medium,M,2,5692,0
534,A,Ship,5,1,270,5,high,F,6,1836,1
535,C,Flight,4,5,133,3,high,F,8,5653,1
536,C,Flight,3,3,214,2,medium,F,4,3754,1
537,B,Road,2,2,163,3,medium,M,35,1547,1
538,C,Ship,5,5,224,3,medium,F,48,2298,1
539,C,Flight,4,2,111,2,high,F,4,5393,0
540,B,Flight,5,3,191,2,medium,M,7,5783,1
541,A,Flight,3,2,223,4,medium,M,3,5374,0
542,C,Road,4,2,161,3,low,F,22,1819,1
543,B,Ship,3,3,162,2,medium,M,5,1202,1
544,C,Ship,5,1,170,3,high,M,58,1651,1
545,B,Flight,4,1,224,3,low,M,9,5546,1
546,B,Flight,4,4,184,3,low,M,8,4453,1
547,C,Road,4,1,271,5,medium,F,3,1328,0
548,B,Flight,4,3,204,3,medium,M,2,5010,0
549,C,Flight,4,2,180,3,low,F,47,1434,1
550,C,Ship,3,2,151,3,low,M,40,1173,1
551,A,Road,4,5,202,3,low,F,6,2616,1
552,C,Ship,2,1,210,2,medium,F,6,5250,0
553,C,Ship,4,3,264,2,low,F,38,3877,1
554,B,Road,5,5,259,5,low,F,9,1624,0
555,A,Flight,6,3,266,4,medium,F,8,1547,0
556,B,Ship,3,2,215,3,medium,F,10,4198,1
557,B,Flight,3,1,174,6,medium,F,4,4910,1
558,A,Flight,5,3,96,4,medium,F,12,1655,1
559,B,Ship,4,3,108,6,low,F,22,1745,1
560,A,Flight,3,5,223,4,high,F,7,5042,1
561,A,Ship,5,4,226,5,medium,F,4,1518,0
562,B,Ship,5,1,151,6,medium,M,2,4529,0
563,C,Ship,4,5,192,2,medium,F,36,2497,1
564,C,Flight,5,4,186,2,low,M,3,4213,0
565,B,Road,3,1,166,2,medium,F,9,5853,1
566,B,Ship,3,1,238,2,medium,F,50,3438,1
567,C,Flight,5,5,169,2,medium,F,14,1497,1
568,B,Road,3,2,227,2,low,M,10,5401,0
569,C,Flight,5,4,180,2,low,M,52,1122,1
570,B,Ship,7,1,267,4,medium,M,9,1261,1
571,A,Ship,3,2,256,4,low,F,18,2699,1
572,B,Ship,5,2,190,2,low,M,1,5005,0
573,C,Ship,7,1,291,4,low,F,9,1880,1
574,B,Flight,4,2,199,3,low,M,4,4070,0
575,A,Ship,4,2,174,3,medium,F,10,4318,0
576,B,Ship,4,2,184,3,medium,F,5,5931,1
577,B,Ship,4,3,261,3,medium,M,1,4590,0
578,B,Ship,2,1,271,2,low,M,7,5875,0
579,A,Road,4,4,155,3,medium,F,6,5778,1
580,A,Ship,4,5,248,4,high,F,56,2840,1
581,A,Ship,3,2,123,4,medium,F,7,1596,1
582,B,Road,3,3,250,6,medium,M,9,5322,1
583,C,Road,5,4,248,5,low,F,3,1471,1
584,C,Ship,4,5,240,6,medium,F,9,5498,1
585,A,Flight,5,3,270,5,low,F,1,1568,1
586,C,Ship,7,1,307,4,low,M,4,1371,1
587,C,Ship,6,5,249,4,low,F,8,1274,0
588,C,Ship,4,4,172,3,medium,F,1,4201,0
589,A,Ship,5,5,228,3,medium,F,8,4731,1
590,C,Road,4,1,195,3,low,M,2,4418,0
591,B,Ship,5,4,252,3,medium,M,6,5221,0
592,B,Ship,6,2,309,4,low,M,7,1941,0
593,A,Road,4,2,163,3,low,F,27,1639,1
594,A,Ship,3,2,179,5,low,F,52,1991,1
595,A,Flight,5,4,250,4,medium,M,4,4531,0
596,B,Road,4,5,217,5,low,F,3,1572,1
597,B,Ship,3,5,109,4,medium,F,4,4308,0
598,C,Ship,5,1,189,4,low,F,10,4166,1
599,C,Ship,5,5,226,3,medium,F,65,3840,1
600,C,Ship,4,2,227,4,medium,F,22,2460,1
601,B,Road,3,5,139,2,medium,M,7,5536,0
602,A,Ship,4,1,265,3,low,F,4,4249,0
603,A,Ship,3,5,172,10,high,F,1,4929,1
604,C,Ship,4,2,271,3,low,F,19,2693,1
605,B,Ship,3,3,265,3,medium,F,8,5070,0
606,B,Ship,4,1,266,3,low,F,23,3775,1
607,C,Ship,4,1,180,3,medium,M,27,1551,1
608,A,Road,6,4,143,4,medium,M,4,4401,0
609,C,Ship,4,1,240,8,medium,M,1,4638,0
610,B,Ship,5,4,264,10,medium,F,34,2960,1
611,C,Ship,4,3,167,3,medium,M,5,5791,0
612,A,Flight,6,1,266,4,medium,F,2,1862,1
613,A,Ship,6,2,99,3,low,M,8,5872,0
614,B,Road,5,2,173,2,high,F,10,4741,0
615,B,Ship,4,2,180,3,low,M,3,1518,1
616,A,Ship,4,5,218,5,low,M,8,1574,1
617,B,Ship,3,3,240,3,low,F,5,4888,1
618,B,Ship,3,1,254,3,medium,M,6,3496,1
619,B,Ship,4,1,216,2,low,F,5,5059,0
620,B,Road,5,4,145,6,medium,M,6,4403,0
621,A,Ship,5,1,256,2,medium,F,1,5352,1
622,B,Ship,4,5,116,3,medium,M,54,1314,1
623,C,Flight,4,5,259,5,medium,M,2,1066,1
624,A,Ship,4,1,188,2,low,M,10,5085,1
625,A,Ship,4,5,253,7,medium,F,11,3825,1
626,B,Ship,5,1,233,3,low,F,6,5560,0
627,C,Ship,5,4,219,6,low,M,3,1098,0
628,C,Flight,2,1,111,3,medium,M,16,1882,1
629,C,Flight,6,2,152,2,low,F,9,1993,0
630,C,Ship,2,2,173,2,medium,M,34,1575,1
631,A,Flight,4,4,270,3,low,M,12,3279,1
632,B,Ship,4,1,268,3,low,M,8,5486,0
633,C,Flight,2,3,160,2,high,M,3,4409,0
634,A,Ship,3,1,189,2,low,F,5,4738,0
635,A,Road,5,5,239,6,low,F,1,1984,0
636,B,Road,5,5,240,5,medium,M,7,1255,0
637,B,Flight,4,2,272,2,low,M,1,5703,1
638,C,Ship,2,3,198,2,medium,F,6,1996,0
639,B,Ship,5,2,225,5,low,M,5,1015,0
640,C,Flight,6,2,118,2,low,M,40,1014,1
641,A,Ship,3,1,160,3,medium,F,5,5524,0
642,B,Ship,4,3,273,4,medium,F,1,4585,0
643,B,Ship,4,1,155,3,low,F,4,4397,0
644,C,Road,5,5,259,3,medium,F,5,4315,0
645,C,Ship,3,1,256,4,medium,F,3,4398,1
646,A,Ship,4,5,208,2,low,F,4,5831,0
647,C,Flight,6,1,260,5,low,F,3,1434,0
648,A,Ship,2,3,178,3,medium,F,8,4451,1
649,B,Ship,4,1,200,2,medium,F,5,5249,0
650,C,Flight,3,2,227,3,high,M,5,4167,1
651,A,Road,5,5,176,3,medium,F,8,5335,1
652,C,Flight,4,1,156,2,medium,M,4,5225,0
653,B,Road,4,2,220,6,medium,M,10,1878,1
654,A,Ship,2,2,147,2,medium,F,49,1447,1
655,B,Ship,6,2,310,4,medium,F,5,1791,1
656,C,Road,4,3,256,3,medium,M,3,4480,0
657,B,Ship,4,5,218,6,low,M,5,4364,1
658,B,Ship,2,3,160,3,low,F,43,1251,1
659,C,Ship,2,5,185,3,low,F,9,5810,0
660,B,Ship,4,4,218,2,medium,M,27,2824,1
661,B,Ship,3,5,258,3,low,M,5,4314,1
662,C,Ship,4,5,240,5,medium,M,8,4314,0
663,B,Flight,3,3,221,2,medium,F,5,4205,1
664,A,Flight,2,5,239,2,low,F,9,5363,1
665,B,Ship,5,5,133,10,medium,M,9,1724,1
666,A,Ship,3,1,235,3,low,F,9,5735,0
667,A,Ship,6,4,290,4,medium,M,10,1366,0
668,A,Flight,3,5,161,3,low,F,4,5629,0
669,B,Flight,5,2,200,2,low,F,2,2075,1
670,B,Ship,4,2,254,10,high,M,7,5820,0
671,B,Ship,3,5,270,3,low,M,60,3885,1
672,C,Ship,7,5,273,4,low,F,7,1364,0
673,B,Ship,5,5,197,4,low,F,7,4141,1
674,B,Flight,3,2,189,3,medium,F,2,4152,1
675,B,Road,4,5,268,3,medium,M,9,5521,1
676,B,Ship,3,1,230,2,low,F,1,4970,1
677,B,Ship,5,4,285,2,low,M,2,4505,1
678,C,Flight,4,1,273,3,medium,M,5,5055,0
679,C,Flight,5,2,255,5,medium,M,4,1634,0
680,A,Flight,4,5,222,3,low,F,5,5584,0
681,C,Ship,4,3,200,4,medium,F,7,4953,1
682,B,Road,3,4,213,3,low,F,5,4535,1
683,B,Flight,3,2,242,5,medium,M,6,4694,0
684,B,Ship,3,2,161,3,medium,F,1,5757,0
685,A,Ship,5,4,242,3,high,F,4,4805,0
686,A,Ship,4,4,228,5,low,F,1,1788,1
687,B,Ship,3,2,202,2,medium,F,7,5328,0
688,B,Flight,4,1,240,4,low,F,6,4811,0
689,A,Ship,5,1,240,5,medium,M,1,1200,0
690,A,Road,4,1,205,5,low,M,10,4944,0
691,A,Ship,3,2,204,2,low,F,2,5033,1
692,C,Ship,3,1,233,2,high,M,1,5073,1
693,B,Flight,3,4,143,4,medium,M,5,5545,1
694,C,Ship,5,5,143,2,high,F,18,1066,1
695,C,Flight,3,3,197,3,medium,M,8,4568,0
696,B,Flight,3,2,140,3,medium,M,8,5724,0
697,C,Ship,5,2,158,3,medium,M,2,5221,0
698,A,Flight,6,5,276,4,low,M,9,1319,0
699,C,Ship,3,5,244,2,medium,F,10,4064,1
700,A,Ship,6,5,264,4,low,M,6,1005,0
701,C,Ship,3,3,225,4,low,M,10,5690,0
702,B,Ship,4,3,211,2,low,F,6,5473,1
703,C,Flight,3,3,175,2,medium,M,2,4814,0
704,C,Ship,3,5,226,2,medium,F,2,1043,1
705,A,Flight,5,4,274,3,low,M,1,5017,1
706,A,Ship,2,2,251,6,medium,F,1,4165,1
707,C,Ship,4,3,139,2,high,F,2,4041,1
708,B,Ship,5,5,229,2,medium,F,59,3844,1
709,A,Road,6,4,290,4,low,M,3,1710,0
710,C,Ship,3,3,264,2,low,M,6,4102,0
711,C,Ship,7,3,305,4,medium,F,6,1167,0
712,C,Ship,4,2,218,2,high,M,1,2990,1
713,C,Ship,4,3,263,3,medium,M,3,4677,0
714,B,Ship,3,2,256,3,low,M,1,4932,0
715,C,Ship,3,3,229,3,low,M,49,2339,1
716,B,Flight,5,4,257,5,low,F,1,1778,1
717,A,Ship,4,2,255,5,low,F,7,1378,0
718,A,Ship,6,1,205,5,low,M,14,3213,1
719,C,Ship,5,1,195,3,low,M,37,3690,1
720,B,Road,7,5,287,4,low,F,8,1748,0
721,B,Road,5,1,165,3,low,F,37,1228,1
722,A,Ship,3,4,228,2,medium,M,46,3306,1
723,A,Ship,5,3,219,4,medium,M,5,4096,0
724,B,Road,4,5,177,3,medium,M,7,4031,1
725,C,Ship,4,4,187,3,low,F,8,4893,0
726,C,Ship,3,3,253,4,low,M,2,5040,1
727,C,Ship,4,2,147,4,medium,M,52,1129,1
728,B,Ship,4,3,171,6,medium,F,9,1909,1
729,A,Ship,4,4,163,3,low,M,8,4921,1
730,C,Ship,2,4,206,2,low,F,30,3955,1
731,A,Ship,4,1,172,3,high,F,24,1066,1
732,A,Ship,2,5,139,3,low,F,27,1233,1
733,B,Ship,2,2,287,4,medium,M,10,5972,0
734,A,Ship,3,5,103,3,low,M,3,1403,1
735,C,Ship,3,2,135,7,medium,F,5,4716,0
736,A,Ship,2,2,192,2,low,F,8,3127,1
737,C,Ship,4,4,234,2,medium,F,8,5744,0
738,C,Flight,3,2,229,3,medium,M,9,4491,1
739,B,Flight,3,2,227,3,low,F,4,4450,0
740,B,Ship,4,5,242,6,low,F,9,1858,0
741,B,Ship,4,5,227,10,low,M,7,4403,0
742,C,Flight,3,2,251,2,medium,F,4,4074,0
743,A,Ship,6,2,301,4,medium,M,10,1747,1
744,C,Ship,4,4,159,3,low,F,1,4194,1
745,B,Ship,4,4,152,3,low,M,8,4430,0
746,B,Ship,5,4,223,3,medium,M,7,5738,0
747,B,Road,3,2,180,2,low,M,53,1853,1
748,A,Ship,5,5,272,4,medium,M,10,1383,1
749,B,Ship,5,3,197,4,low,F,6,4184,0
750,C,Ship,4,3,252,2,medium,M,1,2336,1
751,A,Ship,5,3,144,6,medium,F,35,1009,1
752,B,Ship,4,5,253,3,low,F,9,4205,0
753,B,Ship,5,4,97,6,high,M,7,5509,1
754,A,Ship,3,1,243,3,low,F,2,4989,0
755,B,Ship,3,4,261,4,medium,F,7,5731,0
756,C,Ship,4,2,181,3,medium,M,6,5964,0
757,B,Flight,3,2,267,3,low,M,8,5922,0
758,C,Ship,3,2,173,3,medium,F,37,1990,1
759,B,Ship,3,3,260,2,low,M,8,5382,0
760,B,Ship,3,1,215,3,medium,F,2,3873,1
761,A,Road,4,4,200,4,medium,M,16,2060,1
762,C,Ship,6,3,256,5,low,F,1,1980,0
763,B,Ship,4,2,200,3,medium,M,45,2486,1
764,A,Ship,4,2,231,5,low,F,2,1465,1
765,A,Flight,6,2,243,4,high,M,2,1665,1
766,A,Road,2,4,273,4,low,F,7,4743,1
767,C,Ship,5,4,215,3,low,F,5,5552,1
768,C,Flight,7,4,272,4,low,M,3,1805,0
769,B,Ship,4,3,235,6,medium,M,2,4689,0
770,C,Ship,3,5,268,2,low,F,4,5909,0
771,A,Road,3,1,256,4,low,M,6,4814,1
772,B,Ship,5,3,184,4,medium,F,2,3798,1
773,A,Ship,5,1,230,3,low,F,43,2994,1
774,C,Flight,3,1,121,5,low,F,60,1577,1
775,C,Ship,4,1,269,3,low,F,7,5211,1
776,A,Ship,6,1,264,4,low,M,9,1243,0
777,C,Ship,4,2,276,2,low,M,54,3706,1
778,B,Ship,6,3,286,4,medium,M,4,1169,0
779,A,Road,4,5,198,3,low,M,2,4272,0
780,C,Ship,6,3,176,5,low,F,7,1767,1
781,A,Road,5,3,257,5,low,F,7,1451,1
782,A,Ship,4,4,149,2,medium,F,19,1665,1
783,B,Ship,3,1,236,3,low,M,2,4298,0
784,C,Flight,3,3,183,3,high,F,6,3364,1
785,A,Ship,4,4,140,4,medium,F,46,1442,1
786,C,Flight,6,1,265,4,low,F,7,1644,1
787,B,Flight,3,1,104,2,low,M,1,1021,1
788,B,Ship,6,2,236,4,low,F,61,3140,1
789,B,Ship,2,3,140,3,low,F,2,4691,0
790,A,Ship,4,4,246,3,medium,F,2,4150,0
791,C,Road,3,3,156,6,low,M,45,1602,1
792,B,Ship,3,1,258,3,medium,F,2,5828,1
793,C,Ship,7,3,289,4,low,F,3,1037,1
794,C,Ship,2,5,233,3,low,M,9,4751,1
795,B,Ship,3,4,210,3,low,M,10,4398,1
796,B,Ship,7,4,282,4,low,M,6,1800,0
797,A,Ship,3,1,165,3,low,F,1,1417,1
798,A,Ship,3,2,239,3,low,M,4,5628,1
799,B,Ship,4,3,146,3,low,F,8,5673,1
800,A,Ship,4,3,169,3,low,F,8,4613,0
801,C,Ship,4,5,180,2,medium,F,1,4332,0
802,A,Road,5,2,135,2,medium,M,4,5405,0
803,C,Ship,5,3,101,5,medium,F,1,4014,1
804,B,Ship,4,4,196,3,low,F,11,3244,1
805,B,Ship,3,1,266,5,low,M,1,5459,0
806,C,Road,5,3,257,5,medium,M,8,1981,1
807,B,Flight,2,5,198,2,medium,M,4,1913,1
808,A,Road,3,2,179,3,medium,M,9,5224,1
809,C,Ship,3,2,149,3,medium,F,64,1920,1
810,C,Ship,5,1,219,5,low,M,8,1419,1
811,B,Ship,3,1,175,3,medium,F,9,5797,0
812,A,Ship,5,4,236,5,low,M,6,1829,1
813,B,Ship,4,3,192,3,low,M,1,4045,1
814,A,Ship,5,3,244,3,low,F,52,3118,1
815,B,Ship,4,1,175,3,medium,M,2,5861,0
816,A,Ship,4,5,223,5,medium,F,6,1579,1
817,C,Ship,3,2,209,2,low,M,9,5203,0
818,B,Flight,5,4,235,3,medium,F,8,4636,0
819,C,Ship,5,3,246,5,low,M,2,1185,0
820,C,Ship,3,4,164,3,high,F,55,1293,1
821,B,Ship,5,2,172,2,high,F,1,5112,0
822,A,Ship,3,4,273,2,medium,M,2,4219,1
823,A,Ship,4,4,146,4,low,M,12,1899,1
824,A,Ship,4,4,173,3,high,F,9,5382,1
825,B,Ship,4,3,229,6,medium,M,1,1235,1
826,A,Flight,4,4,201,3,high,F,7,2644,1
827,B,Road,5,1,249,5,medium,F,1,1654,1
828,A,Road,4,3,143,4,medium,F,2,4919,0
829,B,Ship,5,3,137,4,low,F,9,4754,0
830,A,Ship,4,1,241,4,medium,M,5,5080,0
831,B,Ship,3,3,203,3,medium,F,8,5929,0
832,C,Road,5,2,250,2,medium,F,6,5565,0
833,C,Ship,6,1,309,4,medium,F,10,1904,1
834,B,Flight,3,2,183,5,low,M,3,1336,1
835,C,Ship,4,4,263,3,medium,F,8,5475,0
836,B,Ship,4,3,271,3,medium,M,1,4137,0
837,A,Ship,4,1,151,5,high,M,28,1148,1
838,A,Ship,4,4,155,3,medium,F,35,1421,1
839,B,Flight,2,5,193,5,medium,F,13,2882,1
840,A,Ship,6,2,142,3,low,F,54,1332,1
841,C,Flight,6,1,281,3,medium,F,36,2536,1
842,B,Flight,6,5,258,5,low,F,1,5376,0
843,A,Ship,3,3,187,2,low,F,7,4859,0
844,B,Flight,3,1,107,3,high,F,13,1861,1
845,B,Ship,4,1,258,3,medium,M,3,3928,1
846,B,Flight,5,3,119,2,low,M,8,5290,1
847,C,Flight,3,4,202,4,high,M,20,3655,1
848,A,Ship,3,2,164,10,high,F,28,1940,1
849,A,Ship,3,5,193,3,high,F,57,3364,1
850,A,Ship,3,1,247,2,low,M,7,5557,0
851,C,Flight,6,4,262,4,low,F,10,1068,1
852,B,Ship,5,5,258,4,high,F,5,4562,0
853,C,Ship,4,3,165,3,low,F,44,1320,1
854,A,Ship,4,2,156,3,low,M,3,5923,0
855,A,Flight,5,2,260,2,medium,M,23,3962,1
856,A,Ship,5,1,211,3,low,M,7,5594,1
857,B,Ship,4,3,187,4,high,F,29,3141,1
858,A,Ship,3,1,142,4,medium,M,7,4780,0
859,C,Road,5,1,206,2,low,M,2,3490,1
860,A,Ship,5,2,247,3,medium,F,3,4698,1
861,A,Road,6,3,223,2,medium,M,7,5007,0
862,C,Ship,4,4,176,6,high,M,5,4494,1
863,B,Ship,3,3,228,2,medium,M,27,3473,1
864,A,Ship,4,5,234,5,low,F,3,1469,1
865,C,Road,5,1,271,4,low,F,4,2718,1
866,A,Ship,4,1,208,3,low,F,6,5345,1
867,A,Ship,6,5,287,5,low,M,2,5611,1
868,B,Road,4,2,219,4,low,M,8,5660,0
869,C,Ship,4,2,210,3,low,M,8,5672,1
870,B,Ship,4,4,181,3,medium,F,9,4425,1
871,C,Ship,4,1,168,2,medium,F,1,5698,1
872,B,Ship,4,2,211,3,low,M,4,5989,0
873,A,Ship,4,1,139,3,medium,M,7,4550,0
874,C,Road,5,4,257,3,medium,F,3,4895,1
875,B,Ship,4,5,237,5,low,F,9,1978,1
876,A,Ship,3,5,247,3,medium,M,10,4286,1
877,C,Ship,5,5,250,2,medium,M,10,5475,1
878,B,Ship,4,2,197,2,medium,M,3,4715,1
879,A,Road,4,3,229,3,low,M,5,5225,1
880,B,Ship,6,2,306,4,low,F,6,1123,0
881,A,Ship,4,4,221,10,high,M,6,5582,1
882,A,Flight,4,4,264,3,high,M,59,2020,1
883,C,Ship,5,2,254,6,low,M,5,1885,0
884,B,Flight,3,5,247,3,low,F,4,5891,1
885,B,Road,3,2,158,3,medium,F,39,1512,1
886,B,Flight,4,4,248,5,medium,M,2,1651,0
887,C,Road,4,2,253,5,medium,F,9,1438,0
888,B,Ship,6,4,291,4,low,F,5,1327,0
889,C,Ship,6,3,247,6,medium,M,3,4582,0
890,C,Flight,4,1,180,2,low,M,23,1193,1
891,B,Flight,6,4,303,5,low,M,5,1195,1
892,A,Ship,4,4,254,5,low,M,9,1654,1
893,A,Flight,4,3,201,3,medium,F,54,2487,1
894,C,Ship,5,1,251,4,low,M,1,5011,1
895,B,Ship,3,1,226,3,high,M,2,4831,1
896,A,Ship,3,5,135,2,low,F,4,5275,1
897,B,Ship,4,2,267,5,low,M,9,4720,1
898,A,Ship,5,1,175,3,medium,F,64,1110,1
899,B,Ship,3,1,155,2,medium,F,6,1490,1
900,A,Ship,3,1,258,2,low,F,4,5262,0
901,A,Ship,4,3,139,3,low,M,64,1814,1
902,C,Ship,4,4,208,2,medium,F,6,4983,1
903,B,Ship,4,4,170,3,medium,M,4,4062,0
904,A,Road,3,1,195,5,low,F,4,4034,0
905,C,Flight,2,5,202,3,low,M,50,2587,1
906,B,Ship,5,1,236,5,medium,F,3,1699,0
907,C,Ship,6,4,255,4,low,M,7,1869,1
908,A,Road,4,5,251,5,medium,F,7,1070,1
909,A,Ship,4,2,133,3,low,M,2,1212,1
910,B,Flight,3,4,226,3,medium,F,22,3593,1
911,C,Ship,4,3,186,2,medium,F,48,2805,1
912,C,Road,3,1,182,3,medium,F,40,3536,1
913,A,Flight,4,3,255,5,low,M,18,3644,1
914,C,Road,2,2,285,2,medium,F,16,2223,1
915,C,Ship,4,5,258,3,low,F,3,5422,1
916,B,Ship,3,5,153,2,low,F,44,1585,1
917,A,Ship,3,5,204,2,low,F,1,4025,1
918,C,Ship,3,1,211,3,medium,M,1,4889,1
919,A,Ship,5,5,227,5,medium,M,5,1186,0
920,B,Road,5,2,272,2,low,F,1,5412,0
921,C,Flight,5,2,156,5,low,M,9,5237,0
922,B,Flight,5,4,219,5,low,M,5,1867,0
923,A,Ship,4,4,152,2,medium,F,5,5324,0
924,C,Flight,2,4,144,4,low,F,8,5760,1
925,C,Ship,6,2,259,4,low,M,5,1771,1
926,A,Road,4,3,227,3,medium,M,8,5829,1
927,A,Ship,3,4,198,2,low,M,25,2774,1
928,A,Flight,3,1,230,2,low,F,4,4387,1
929,B,Ship,5,5,208,2,medium,M,8,5321,0
930,B,Ship,5,5,276,4,low,M,2,1411,1
931,B,Ship,4,2,160,2,medium,M,3,4304,1
932,C,Ship,4,5,228,5,medium,F,4,1618,0
933,B,Ship,4,3,233,5,low,M,5,1799,1
934,A,Road,4,1,170,10,medium,F,3,5211,1
935,A,Road,7,1,275,4,medium,M,7,1754,0
936,B,Ship,4,5,248,2,medium,M,10,4366,1
937,B,Ship,3,5,250,4,low,F,11,3464,1
938,C,Road,5,5,128,5,low,M,34,1008,1
939,C,Road,7,2,264,4,medium,M,6,1688,0
940,C,Ship,5,1,161,2,medium,F,10,4108,1
941,A,Ship,5,4,181,5,medium,M,2,5324,0
942,A,Ship,2,3,164,5,low,M,7,1243,0
943,B,Ship,3,1,176,2,medium,F,45,1470,1
944,C,Ship,5,5,162,4,low,M,8,1311,0
945,A,Ship,4,1,170,2,medium,F,5,5182,0
946,C,Ship,2,4,191,3,low,F,58,2586,1
947,C,Ship,3,4,250,2,medium,M,1,4922,1
948,A,Ship,4,3,183,3,low,M,4,5866,0
949,A,Road,5,5,271,4,high,F,6,4547,1
950,A,Ship,5,4,229,5,low,M,9,1069,1
951,A,Road,5,4,144,3,low,F,59,1178,1
952,C,Road,3,1,221,3,high,M,3,5005,1
953,C,Ship,3,1,134,3,medium,M,10,4200,0
954,B,Ship,4,2,146,3,medium,M,7,4381,1
955,A,Ship,3,4,196,4,low,F,4,5031,0
956,A,Ship,3,5,159,2,medium,M,6,5804,0
957,B,Ship,3,1,131,4,low,M,1,1628,0
958,A,Road,4,1,224,2,medium,M,2,4581,1
959,C,Ship,4,4,209,3,medium,M,37,3026,1
960,A,Ship,4,1,157,2,medium,F,5,5647,0
961,B,Ship,6,5,292,4,low,M,4,1762,1
962,A,Ship,2,1,211,3,low,M,6,1760,1
963,C,Ship,4,5,180,3,low,F,24,1513,1
964,A,Flight,4,4,193,3,medium,F,3,4596,0
965,C,Ship,4,1,156,2,low,M,8,5488,0
966,B,Ship,5,1,198,4,low,F,5,5719,0
967,B,Road,5,3,267,3,medium,F,8,5786,1
968,A,Road,3,5,166,3,low,F,1,1366,1
969,B,Ship,4,4,224,10,medium,F,9,4149,0
970,A,Ship,3,5,251,2,high,M,23,2426,1
971,C,Ship,4,4,239,5,low,M,6,1986,1
972,A,Ship,6,3,273,5,low,M,8,1746,1
973,B,Ship,3,3,265,3,low,F,10,4093,1
974,A,Ship,3,3,175,3,high,F,55,1229,1
975,A,Ship,4,2,238,3,low,F,3,5265,1
976,B,Flight,3,3,150,2,medium,M,3,5836,0
977,B,Ship,6,2,278,3,medium,F,3,2974,1
978,A,Ship,3,2,259,8,high,M,3,4390,1
979,A,Flight,3,2,141,3,low,M,7,1933,1
980,B,Ship,4,5,196,2,medium,F,3,5505,0
981,A,Ship,3,4,117,3,medium,M,23,1527,1
982,A,Ship,4,4,140,2,low,M,6,4703,0
983,C,Ship,2,1,159,2,low,F,44,1213,1
984,A,Ship,3,4,164,2,low,M,1,4067,1
985,C,Flight,4,1,161,2,high,F,21,1075,1
986,A,Flight,4,4,275,5,medium,M,7,1562,1
987,B,Flight,4,1,104,7,medium,F,52,1083,1
988,C,Ship,5,5,149,7,medium,F,50,1346,1
989,B,Ship,4,1,259,3,low,M,39,2427,1
990,C,Ship,2,3,146,3,medium,M,18,1289,1
991,B,Ship,6,5,194,5,low,F,8,4777,0
992,B,Ship,2,4,180,2,low,F,5,4010,1
993,C,Road,6,5,220,3,medium,M,1,5508,0
994,A,Flight,4,5,148,2,medium,F,43,1087,1
995,A,Flight,4,2,196,3,medium,F,2,4474,0
996,B,Ship,3,1,154,10,medium,F,3,4524,0
997,C,Ship,4,1,213,4,high,F,35,2343,1
998,B,Ship,4,3,153,3,medium,M,2,1095,1
999,A,Ship,2,1,255,3,medium,F,1,5929,0
1000,C,Ship,4,3,234,3,medium,F,9,4868,1
1001,C,Ship,4,1,261,3,low,F,3,4673,1
1002,A,Ship,6,5,249,4,medium,M,3,1710,1
1003,B,Ship,5,3,201,2,low,M,4,3757,1
1004,B,Ship,6,2,168,2,low,M,3,5853,0
1005,C,Ship,6,2,304,5,medium,M,6,1178,1
1006,C,Ship,3,4,154,2,low,M,29,1016,1
1007,B,Ship,4,3,160,2,low,M,5,4522,1
1008,B,Road,3,3,252,2,medium,F,48,2102,1
1009,C,Ship,5,4,117,3,medium,F,4,5332,0
1010,A,Ship,5,1,257,5,high,F,2,1323,0
1011,A,Flight,7,1,254,4,medium,M,6,1279,1
1012,C,Ship,5,4,210,3,medium,F,6,5102,0
1013,C,Ship,2,5,130,3,low,M,16,1092,1
1014,B,Ship,5,1,167,3,medium,M,3,4267,1
1015,B,Flight,3,1,265,4,low,M,50,2249,1
1016,B,Ship,2,4,136,3,low,M,43,1958,1
1017,C,Ship,4,2,247,3,medium,F,64,2198,1
1018,A,Ship,5,3,248,3,medium,M,10,5567,1
1019,A,Ship,5,5,269,3,low,F,5,5673,1
1020,B,Ship,3,2,198,4,medium,F,4,4564,0
1021,A,Ship,5,1,224,5,low,M,1,1600,0
1022,C,Ship,6,4,304,4,low,M,7,1226,1
1023,C,Flight,6,1,263,6,low,M,10,5826,0
1024,B,Ship,4,3,198,3,medium,F,1,5846,1
1025,B,Ship,4,4,222,3,low,F,24,3503,1
1026,B,Flight,6,5,212,2,low,F,5,4804,1
1027,A,Ship,5,4,152,3,low,M,1,5314,1
1028,B,Ship,4,2,124,3,high,M,60,1107,1
1029,A,Ship,5,4,265,2,low,F,2,5164,1
1030,A,Flight,4,2,159,5,low,F,4,5547,1
1031,A,Ship,4,3,258,2,low,F,3,4555,0
1032,B,Road,3,2,189,3,medium,M,38,2108,1
1033,B,Ship,5,1,174,3,low,M,10,4008,0
1034,B,Ship,4,4,202,3,medium,M,2,4299,1
1035,C,Ship,4,5,268,3,low,F,59,2083,1
1036,A,Ship,6,2,246,6,low,F,1,4846,0
1037,B,Ship,5,1,261,5,medium,M,3,1644,1
1038,B,Road,4,2,224,2,low,M,9,5603,1
1039,C,Ship,4,1,236,3,low,F,4,4248,0
1040,C,Ship,5,1,248,3,low,M,37,3830,1
1041,A,Ship,3,3,163,2,medium,F,48,1369,1
1042,B,Ship,3,5,257,3,medium,F,19,2173,1
1043,C,Ship,5,4,168,3,low,M,34,1779,1
1044,C,Ship,3,2,204,4,medium,M,7,4768,0
1045,B,Ship,4,2,182,3,medium,M,9,5735,0
1046,C,Ship,3,4,165,2,low,M,48,1706,1
1047,A,Ship,4,1,173,2,low,M,5,4688,0
1048,B,Flight,3,5,165,4,low,M,6,4795,1
1049,C,Ship,2,4,158,5,medium,F,2,4303,1
1050,A,Ship,5,2,264,5,medium,M,4,1318,0
1051,A,Ship,3,2,181,3,low,F,29,2164,1
1052,A,Flight,3,1,166,2,low,F,10,5932,1
1053,A,Flight,5,4,194,5,low,M,8,4038,1
1054,B,Road,3,2,239,2,low,F,3,5099,1
1055,C,Ship,2,3,129,5,medium,M,3,5444,1
1056,B,Flight,5,4,229,2,medium,M,9,3667,1
1057,C,Ship,3,4,265,2,high,F,64,2493,1
1058,B,Flight,3,4,200,4,medium,F,8,4944,0
1059,B,Ship,4,2,251,6,medium,F,1,1154,1
1060,B,Road,4,4,158,3,low,F,61,1507,1
1061,C,Road,5,4,179,6,medium,M,1,5433,0
1062,A,Road,3,3,220,3,low,M,7,5323,1
1063,B,Flight,4,1,231,3,medium,M,2,4940,0
1064,A,Ship,5,5,145,2,medium,M,48,1834,1
1065,A,Ship,3,5,206,3,medium,M,21,3746,1
1066,B,Road,3,4,156,3,low,M,4,4628,0
1067,C,Ship,6,3,304,4,low,F,9,1401,0
1068,C,Ship,4,5,143,3,medium,M,2,5286,1
1069,C,Road,3,4,188,4,low,M,2,1059,1
1070,C,Ship,4,5,176,4,medium,M,6,5061,0
1071,B,Ship,4,3,171,5,low,F,2,5242,1
1072,C,Ship,3,4,113,4,low,F,56,1154,1
1073,C,Ship,4,5,141,2,low,M,1,4395,1
1074,A,Road,4,4,251,2,low,M,2,4800,0
1075,A,Ship,4,5,233,5,low,F,8,1040,1
1076,C,Ship,4,3,190,4,medium,M,4,4102,1
1077,A,Road,4,4,153,3,low,F,27,1613,1
1078,C,Ship,6,4,286,4,low,F,8,1690,1
1079,C,Ship,5,2,246,3,low,F,9,5795,0
1080,A,Flight,5,5,137,3,medium,F,5,4814,0
1081,B,Ship,4,4,245,6,low,F,6,1437,1
1082,B,Flight,5,4,149,3,low,M,51,1645,1
1083,C,Ship,4,3,161,3,high,F,7,4799,1
1084,B,Road,5,1,282,4,low,F,9,4766,0
1085,A,Flight,3,1,166,5,low,F,8,4759,1
1086,C,Road,3,5,165,2,high,F,37,1234,1
1087,A,Ship,5,1,219,3,low,M,14,2447,1
1088,A,Ship,3,5,204,3,low,F,45,2513,1
1089,B,Ship,6,1,250,5,low,F,53,3352,1
1090,B,Ship,5,3,224,2,low,M,6,5962,1
1091,C,Ship,5,3,227,5,medium,M,2,1965,0
1092,B,Ship,3,4,254,2,high,F,41,3973,1
1093,C,Flight,5,1,220,3,medium,M,8,5727,1
1094,B,Ship,3,2,231,3,low,F,5,5046,0
1095,A,Ship,4,4,224,2,low,F,8,5754,1
1096,C,Ship,3,5,238,2,high,M,5,4052,0
1097,B,Ship,3,1,244,4,medium,M,6,4734,1
1098,C,Ship,5,2,272,3,high,M,5,4972,0
1099,C,Ship,3,1,269,2,low,F,35,3524,1
1100,B,Ship,3,3,240,7,medium,M,3,4385,0
1101,B,Flight,5,3,232,5,low,F,1,1835,1
1102,C,Ship,3,3,250,5,medium,M,8,5762,1
1103,A,Ship,4,1,151,3,low,F,4,5610,1
1104,A,Flight,2,5,189,2,low,M,38,3708,1
1105,C,Ship,2,5,264,3,medium,F,3,4320,1
1106,B,Ship,6,4,291,4,low,F,8,1131,0
1107,A,Ship,6,4,265,4,low,F,9,1511,0
1108,A,Flight,6,2,196,2,low,M,10,5180,1
1109,B,Flight,4,5,219,2,low,M,4,4197,1
1110,B,Ship,3,5,134,3,medium,M,38,1169,1
1111,B,Ship,4,2,248,6,low,M,1,1415,1
1112,B,Ship,4,1,272,2,medium,F,5,5252,0
1113,C,Flight,5,4,178,7,medium,F,36,1179,1
1114,C,Flight,4,2,257,4,high,M,58,2269,1
1115,B,Ship,4,1,192,3,medium,F,29,3347,1
1116,B,Ship,5,4,239,3,low,F,7,4960,0
1117,B,Ship,4,5,229,2,medium,F,1,4869,0
1118,A,Ship,6,4,129,5,low,F,58,1463,1
1119,C,Ship,5,2,167,3,medium,F,7,1939,1
1120,A,Ship,3,3,141,2,medium,F,48,1758,1
1121,B,Flight,5,4,147,6,medium,F,21,1145,1
1122,B,Flight,3,5,224,3,medium,F,20,2937,1
1123,C,Road,5,2,275,5,low,F,10,1924,0
1124,A,Ship,3,1,144,3,low,F,8,5221,1
1125,A,Ship,3,5,170,7,low,F,7,4373,1
1126,A,Flight,6,4,249,5,medium,M,43,3078,1
1127,B,Flight,4,4,261,3,low,F,33,3678,1
1128,A,Ship,4,4,255,3,high,F,3,5616,0
1129,A,Ship,3,2,173,3,high,M,40,1723,1
1130,B,Road,4,2,274,5,low,F,8,1246,0
1131,B,Road,4,2,251,6,low,F,3,1297,0
1132,B,Ship,3,3,264,3,low,M,3,4970,0
1133,C,Ship,2,2,180,3,low,M,2,5033,1
1134,C,Ship,4,4,246,2,low,M,11,2282,1
1135,B,Road,4,5,148,3,low,M,5,4913,0
1136,B,Flight,5,5,221,5,low,M,8,1718,0
1137,C,Flight,5,4,217,2,medium,M,4,4380,1
1138,B,Ship,6,1,193,4,medium,M,8,2952,1
1139,B,Ship,4,3,251,3,medium,M,5,4206,0
1140,A,Ship,7,2,261,4,medium,M,9,1918,1
1141,B,Ship,4,3,202,3,low,F,48,2213,1
1142,A,Ship,6,4,284,4,low,F,7,1518,1
1143,B,Road,4,2,168,3,low,M,59,1717,1
1144,C,Ship,4,2,175,3,medium,F,34,1005,1
1145,A,Flight,3,4,97,4,low,M,32,1238,1
1146,B,Flight,4,1,245,5,medium,F,8,1923,0
1147,B,Ship,4,2,266,3,medium,M,7,5121,0
1148,C,Road,7,1,282,4,low,F,2,1566,0
1149,B,Ship,4,5,219,3,medium,M,8,4605,0
1150,A,Ship,3,3,262,2,low,F,10,5951,1
1151,A,Flight,3,2,149,2,medium,M,37,1699,1
1152,C,Ship,5,3,264,5,medium,F,5,1399,0
1153,B,Ship,4,5,227,5,low,F,2,1804,1
1154,B,Ship,5,2,196,3,low,F,4,4271,0
1155,C,Ship,3,5,212,3,low,F,2,2456,1
1156,A,Flight,3,2,173,3,high,M,60,1582,1
1157,B,Ship,4,1,155,4,low,F,1,4985,0
1158,A,Flight,5,2,240,7,medium,F,47,2174,1
1159,A,Flight,2,1,155,2,low,M,2,5661,1
1160,A,Ship,4,2,270,4,low,F,46,1736,1
1161,B,Ship,3,3,239,3,medium,M,7,4942,0
1162,C,Ship,7,5,265,4,low,F,1,1601,0
1163,B,Ship,2,1,207,4,low,M,1,5742,0
1164,A,Flight,4,2,136,2,medium,F,17,1285,1
1165,C,Ship,3,3,175,3,high,F,45,1212,1
1166,A,Road,5,2,196,3,medium,M,44,2085,1
1167,B,Ship,5,1,256,5,low,F,5,1970,0
1168,A,Ship,3,3,218,3,low,M,3,2255,1
1169,C,Ship,4,4,172,3,medium,M,7,5098,0
1170,B,Ship,3,2,262,4,low,M,1,4745,1
1171,B,Road,5,5,226,3,medium,M,23,2626,1
1172,A,Ship,5,4,199,5,medium,M,6,5210,1
1173,A,Ship,3,4,117,3,low,F,6,4046,0
1174,C,Flight,5,1,239,5,low,F,7,1859,1
1175,A,Road,4,4,178,4,medium,F,13,1614,1
1176,A,Flight,3,4,170,2,low,F,2,5664,0
1177,C,Ship,5,4,243,3,low,F,35,2899,1
1178,B,Ship,6,4,288,4,medium,F,9,1575,0
1179,B,Ship,5,2,140,4,high,M,58,1175,1
1180,C,Flight,3,4,156,3,medium,M,4,4519,1
1181,C,Ship,3,1,152,3,low,M,1,4949,1
1182,C,Ship,5,5,251,5,medium,F,10,1683,0
1183,B,Ship,5,3,255,5,medium,F,10,1886,0
1184,C,Flight,4,2,223,6,low,F,10,1650,1
1185,B,Ship,3,4,238,2,low,M,3,4723,0
1186,B,Ship,5,5,221,5,low,F,3,1220,0
1187,C,Road,4,2,112,2,medium,F,8,4599,0
1188,C,Ship,3,4,222,3,medium,M,57,2714,1
1189,C,Ship,5,2,250,6,low,M,1,1296,1
1190,A,Ship,4,3,263,5,low,F,10,1762,0
1191,A,Ship,3,3,183,2,low,F,3,5189,0
1192,A,Ship,2,2,135,3,low,M,58,1734,1
1193,B,Ship,3,3,181,3,medium,F,3,5620,1
1194,B,Road,3,2,271,2,medium,M,6,5280,1
1195,A,Ship,3,4,187,2,medium,M,4,5139,1
1196,C,Ship,3,1,138,10,low,F,4,4496,1
1197,C,Flight,5,5,230,10,high,M,10,5619,1
1198,B,Ship,4,4,171,2,low,M,4,4962,0
1199,A,Flight,3,5,254,3,low,M,6,4703,0
1200,C,Ship,4,3,235,3,high,F,10,4172,0
1201,B,Ship,6,4,256,4,low,F,9,1676,0
1202,C,Road,3,5,241,3,low,F,21,3078,1
1203,C,Ship,3,2,247,3,medium,M,8,5194,0
1204,C,Flight,6,3,274,4,low,M,2,1833,1
1205,C,Ship,6,4,306,4,low,F,5,1703,1
1206,B,Ship,5,1,246,3,medium,F,44,3993,1
1207,C,Road,5,5,222,3,low,M,10,2280,1
1208,A,Ship,4,2,213,3,medium,M,8,5214,1
1209,A,Road,4,1,174,3,low,M,7,4813,1
1210,A,Ship,3,2,255,2,low,M,18,3732,1
1211,B,Road,6,1,286,4,low,F,3,1747,1
1212,B,Ship,3,3,201,10,high,M,10,5281,0
1213,C,Ship,2,1,142,3,medium,F,8,6064,1
1214,A,Flight,3,3,217,2,high,F,9,5554,1
1215,C,Ship,3,4,255,2,low,M,2,4504,0
1216,C,Ship,5,5,154,2,medium,M,3,4669,0
1217,C,Ship,2,3,257,2,low,F,1,5331,1
1218,B,Ship,3,3,188,5,low,M,25,3992,1
1219,A,Ship,5,5,198,5,medium,M,36,2803,1
1220,A,Flight,6,3,165,4,low,F,10,5965,0
1221,A,Flight,4,1,204,3,medium,M,3,4310,0
1222,A,Ship,5,3,181,4,medium,F,32,3893,1
1223,C,Road,4,2,142,3,low,M,2,4790,1
1224,B,Ship,6,2,260,5,low,F,9,1667,1
1225,A,Ship,4,4,193,3,low,M,5,5090,1
1226,B,Ship,3,2,213,4,low,M,53,3502,1
1227,A,Road,3,4,186,3,high,M,1,5922,1
1228,A,Ship,3,4,155,4,low,M,54,1885,1
1229,B,Ship,6,1,261,4,medium,F,8,1524,0
1230,C,Ship,3,3,255,3,low,M,4,4628,1
1231,C,Flight,4,2,239,6,low,F,7,1934,0
1232,C,Ship,5,2,198,5,low,M,65,1994,1
1233,C,Ship,4,3,160,2,low,M,9,5940,0
1234,A,Flight,5,1,262,2,high,M,9,5008,0
1235,A,Ship,4,5,217,3,medium,M,2,5461,1
1236,A,Ship,5,1,236,4,high,F,64,3231,1
1237,A,Flight,4,1,270,5,medium,M,9,1280,1
1238,A,Ship,4,2,245,3,low,F,5,5226,0
1239,A,Ship,6,2,269,4,medium,M,38,3171,1
1240,A,Flight,5,4,233,2,low,F,7,4597,1
1241,B,Flight,3,4,176,3,medium,F,8,1567,1
1242,C,Ship,6,4,147,3,low,M,4,4549,1
1243,C,Road,4,3,214,4,low,M,34,3446,1
1244,B,Road,3,3,250,3,low,F,5,4625,0
1245,B,Flight,4,2,255,5,low,F,6,4053,0
1246,B,Road,4,5,188,2,low,F,4,4433,0
1247,A,Ship,4,5,98,4,low,F,5,4643,0
1248,A,Ship,5,5,161,3,low,F,5,4702,0
1249,C,Ship,4,4,209,3,high,F,5,5979,0
1250,B,Ship,3,3,281,2,medium,M,55,3047,1
1251,C,Ship,5,2,208,3,low,M,6,4744,1
1252,C,Ship,3,5,132,2,low,M,10,4462,1
1253,B,Ship,3,4,134,3,medium,F,31,1540,1
1254,C,Flight,3,3,189,4,medium,F,51,2208,1
1255,B,Ship,3,3,201,2,high,M,36,3340,1
1256,A,Ship,3,1,183,2,medium,F,3,4042,0
1257,A,Flight,3,5,212,2,medium,M,56,3547,1
1258,C,Ship,5,4,216,2,low,F,6,4535,0
1259,A,Ship,3,4,241,2,low,M,57,3671,1
1260,A,Flight,3,2,241,3,medium,F,60,3922,1
1261,C,Flight,4,3,254,2,low,M,3,5546,0
1262,C,Ship,5,2,259,5,low,M,8,1678,0
1263,B,Ship,4,1,273,3,low,F,5,5323,0
1264,C,Flight,3,1,143,4,low,M,6,5474,0
1265,A,Ship,5,2,215,6,medium,F,5,5195,1
1266,B,Ship,5,1,227,3,low,F,14,2589,1
1267,C,Flight,3,3,159,2,medium,F,6,5269,0
1268,B,Ship,3,2,243,3,medium,M,31,3943,1
1269,B,Ship,4,4,223,5,medium,M,1,1124,1
1270,B,Road,6,3,305,4,medium,F,9,1479,1
1271,A,Ship,2,5,192,6,low,F,41,2673,1
1272,A,Ship,3,1,153,2,low,M,6,4996,0
1273,C,Ship,7,4,261,5,low,M,6,1334,0
1274,B,Ship,4,2,198,6,medium,M,5,4659,0
1275,B,Flight,3,5,256,2,medium,F,4,5368,1
1276,B,Ship,5,4,211,4,low,F,4,4498,1
1277,C,Flight,7,5,258,4,low,F,4,1677,1
1278,B,Ship,3,3,250,3,medium,M,9,2752,1
1279,A,Road,3,2,244,3,medium,M,10,4636,1
1280,B,Ship,3,4,250,3,low,M,10,5688,0
1281,B,Ship,5,5,171,2,medium,F,22,1695,1
1282,B,Ship,5,3,145,3,medium,M,1,5783,1
1283,A,Ship,4,1,190,10,low,F,35,3819,1
1284,C,Ship,3,4,142,2,medium,F,7,5346,0
1285,A,Ship,4,4,175,2,medium,F,7,1188,1
1286,A,Ship,5,1,216,3,low,M,40,2668,1
1287,B,Flight,3,2,272,3,medium,F,40,3766,1
1288,A,Ship,3,4,250,3,low,M,6,4830,1
1289,B,Ship,3,5,252,3,high,F,4,4248,0
1290,A,Ship,4,1,251,2,low,F,2,4839,1
1291,A,Flight,4,4,223,4,low,M,3,5613,0
1292,B,Flight,4,2,233,7,medium,M,64,3146,1
1293,B,Ship,6,5,163,4,high,M,3,5118,1
1294,C,Ship,5,5,249,5,medium,M,5,1662,1
1295,C,Ship,4,2,151,3,medium,M,10,5698,0
1296,B,Ship,5,2,268,3,low,M,19,2526,1
1297,A,Flight,3,3,204,3,low,M,6,5296,1
1298,A,Ship,4,1,186,3,low,F,6,4758,0
1299,A,Road,5,5,254,2,medium,M,6,4934,0
1300,B,Ship,2,1,228,2,low,F,2,5435,0
1301,B,Ship,2,4,147,2,medium,M,3,5136,1
1302,B,Ship,5,5,183,3,medium,F,3,4071,1
1303,A,Ship,4,5,202,3,low,F,38,2651,1
1304,C,Flight,6,3,286,4,medium,F,7,1132,1
1305,A,Ship,3,1,165,3,low,M,10,5823,0
1306,B,Road,3,1,267,2,low,F,9,5744,0
1307,A,Ship,4,2,267,5,low,M,3,1933,1
1308,C,Ship,5,2,275,5,low,M,9,1373,0
1309,C,Ship,6,2,261,4,medium,M,8,1891,0
1310,A,Flight,4,1,263,4,low,M,9,4390,0
1311,C,Ship,3,5,185,2,low,F,36,3501,1
1312,B,Ship,3,4,176,2,low,F,10,4920,0
1313,B,Ship,4,4,154,3,low,M,4,5393,1
1314,C,Ship,4,2,174,3,low,M,9,1682,1
1315,A,Ship,4,1,167,3,high,F,22,1403,1
1316,C,Road,5,3,258,3,medium,F,1,5719,0
1317,A,Ship,2,3,139,3,low,M,9,1471,1
1318,C,Ship,4,5,231,3,low,M,4,5089,1
1319,A,Ship,6,1,282,4,low,M,1,1434,0
1320,B,Ship,4,1,219,2,medium,F,2,1752,0
1321,C,Flight,6,2,308,5,medium,M,4,1303,0
1322,B,Road,3,4,248,2,medium,F,15,2983,1
1323,C,Ship,5,4,245,3,high,M,4,4298,0
1324,A,Ship,2,1,202,2,medium,F,5,4456,0
1325,B,Road,3,4,257,3,low,F,4,4883,0
1326,A,Ship,3,4,265,8,low,M,2,3622,1
1327,C,Ship,5,2,233,3,high,M,7,5323,1
1328,A,Ship,4,5,102,5,low,F,3,5767,0
1329,C,Ship,5,2,181,3,low,M,4,4323,0
1330,B,Flight,5,1,243,5,medium,M,8,1732,0
1331,B,Road,2,5,104,7,low,M,12,1064,1
1332,C,Ship,5,3,254,2,low,F,4,5014,0
1333,B,Ship,4,2,269,5,low,F,45,2383,1
1334,B,Road,5,2,260,6,high,M,10,4087,1
1335,C,Ship,3,1,140,4,low,M,27,1184,1
1336,C,Ship,5,4,222,3,low,F,20,3632,1
1337,C,Ship,4,5,136,2,medium,M,4,5512,0
1338,A,Flight,7,2,284,4,low,F,1,1085,1
1339,C,Flight,3,3,136,2,medium,M,10,5749,0
1340,C,Ship,4,4,200,3,low,F,7,5807,1
1341,A,Ship,5,2,158,3,medium,M,16,1499,1
1342,B,Ship,3,3,150,3,low,M,5,5328,0
1343,B,Ship,3,2,238,4,low,F,7,5254,0
1344,A,Ship,5,2,191,3,high,F,52,2028,1
1345,B,Ship,4,4,275,3,low,M,10,5674,1
1346,B,Road,4,1,280,3,medium,M,2,3366,1
1347,B,Ship,3,2,154,3,medium,M,1,5322,1
1348,A,Ship,4,4,263,4,medium,M,7,4041,1
1349,A,Ship,5,2,184,3,low,F,4,4552,0
1350,A,Flight,2,1,164,5,low,F,8,1886,0
1351,A,Road,2,2,149,4,medium,M,7,4598,0
1352,C,Ship,3,4,238,2,medium,F,1,4991,1
1353,B,Ship,3,5,253,2,medium,M,17,2205,1
1354,B,Ship,3,5,274,3,low,F,3,5156,0
1355,A,Flight,4,2,243,2,medium,F,6,4573,0
1356,B,Ship,3,4,215,3,high,F,5,4670,1
1357,C,Ship,5,4,260,6,medium,M,8,5440,1
1358,C,Ship,5,1,250,3,low,M,8,5845,0
1359,C,Road,3,3,169,3,low,F,7,5976,0
1360,A,Ship,6,2,269,4,medium,F,3,1665,0
1361,A,Ship,3,1,212,3,medium,M,10,5759,0
1362,C,Ship,4,3,264,5,medium,M,3,1639,0
1363,C,Ship,5,5,248,3,medium,F,9,3873,1
1364,C,Ship,6,3,153,6,medium,F,7,4975,1
1365,A,Flight,3,3,205,2,medium,F,2,2910,1
1366,B,Flight,2,3,175,6,high,F,6,5341,1
1367,A,Ship,4,2,218,2,low,M,4,4299,1
1368,B,Ship,5,1,205,2,medium,M,27,3569,1
1369,C,Road,7,5,301,4,low,M,9,1660,1
1370,B,Ship,2,2,271,4,medium,M,9,4066,0
1371,C,Flight,5,5,201,3,medium,F,10,5121,1
1372,C,Ship,4,2,204,8,low,F,1,4038,1
1373,B,Road,4,1,147,2,low,M,8,4600,1
1374,A,Road,3,4,182,3,medium,F,7,5409,1
1375,B,Road,5,4,169,2,low,F,20,1765,1
1376,C,Flight,6,2,271,4,medium,M,3,1636,0
1377,A,Road,4,2,164,4,low,M,2,5008,0
1378,A,Ship,4,5,214,3,high,M,6,5646,0
1379,A,Ship,4,3,170,4,medium,F,9,4375,0
1380,A,Ship,4,1,143,3,medium,F,28,1197,1
1381,C,Ship,4,2,168,2,medium,M,1,5154,0
1382,C,Road,3,5,180,2,low,M,33,1444,1
1383,B,Ship,6,1,185,4,high,F,10,5254,1
1384,B,Ship,4,2,227,3,medium,M,7,4041,0
1385,C,Ship,3,2,253,2,medium,F,2,4567,0
1386,B,Ship,3,5,251,3,medium,M,59,3651,1
1387,B,Ship,4,4,231,5,low,F,6,5482,0
1388,B,Flight,2,1,220,2,medium,F,6,4382,1
1389,C,Ship,3,2,186,2,medium,M,3,5712,0
1390,B,Flight,3,1,151,2,low,M,60,1925,1
1391,B,Ship,5,2,284,4,low,M,1,4171,1
1392,A,Ship,4,2,136,4,medium,M,9,5038,0
1393,A,Ship,4,1,251,3,low,F,33,2502,1
1394,C,Flight,4,3,249,3,low,M,5,5017,1
1395,C,Ship,4,1,177,3,medium,F,5,4382,0
1396,A,Flight,4,5,167,2,low,F,10,5067,0
1397,B,Ship,3,3,179,2,low,F,60,1808,1
1398,B,Flight,4,2,116,3,low,F,2,5602,1
1399,B,Ship,4,3,134,4,low,M,8,4879,1
1400,A,Ship,6,4,292,4,medium,F,1,1372,1
1401,A,Ship,4,3,262,3,medium,M,46,2904,1
1402,C,Ship,4,3,262,3,low,M,9,4404,1
1403,A,Ship,3,3,250,3,low,F,33,3463,1
1404,B,Ship,4,1,166,5,low,F,1,5463,1
1405,B,Road,4,4,181,3,medium,M,1,5444,0
1406,C,Ship,3,1,263,3,medium,F,4,4208,0
1407,A,Ship,5,3,239,5,low,M,10,1784,0
1408,A,Ship,6,4,138,5,medium,F,15,1181,1
1409,C,Road,3,2,272,3,low,M,2,4459,1
1410,A,Road,4,4,148,3,medium,F,5,4892,0
1411,B,Flight,3,1,203,2,low,M,2,4647,1
1412,B,Ship,4,1,224,3,medium,F,36,3499,1
1413,B,Ship,5,2,246,3,low,M,2,4054,1
1414,B,Ship,4,1,143,2,medium,M,3,1996,1
1415,B,Ship,4,3,213,3,medium,M,2,5432,1
1416,C,Ship,5,2,246,5,medium,F,9,1876,0
1417,B,Ship,2,3,263,4,medium,M,9,5390,0
1418,C,Flight,4,3,262,4,high,F,2,4783,1
1419,B,Ship,3,4,169,3,low,F,4,5716,0
1420,A,Ship,2,3,139,8,medium,M,21,1033,1
1421,C,Ship,4,2,207,3,medium,F,5,4702,1
1422,A,Ship,4,3,135,3,medium,F,11,1322,1
1423,B,Road,3,1,233,3,medium,M,7,5331,0
1424,A,Ship,4,3,178,3,medium,M,6,4576,0
1425,C,Road,6,3,246,4,medium,F,8,1741,0
1426,A,Road,3,1,251,3,medium,M,42,3698,1
1427,A,Road,2,1,258,5,low,F,9,1548,1
1428,C,Ship,6,2,298,4,low,M,2,1648,0
1429,B,Flight,5,1,236,5,low,M,8,1441,0
1430,C,Road,3,3,169,3,low,M,10,5147,0
1431,C,Road,3,2,221,2,low,F,10,4312,0
1432,A,Ship,4,5,196,3,low,F,4,5610,0
1433,A,Ship,5,3,210,2,low,M,19,3920,1
1434,B,Ship,3,1,160,3,medium,F,4,5132,0
1435,B,Flight,5,5,267,3,medium,M,9,4775,1
1436,B,Ship,5,1,256,4,medium,F,5,4970,1
1437,A,Ship,6,1,117,7,medium,F,4,4211,0
1438,A,Road,3,1,197,2,low,M,4,3621,1
1439,B,Ship,3,3,174,2,low,F,1,5556,0
1440,C,Ship,5,3,156,3,low,F,6,5231,1
1441,B,Ship,3,4,219,2,medium,M,7,4883,1
1442,A,Flight,5,3,243,6,medium,F,10,1189,1
1443,A,Ship,5,2,242,5,medium,F,1,1004,1
1444,C,Ship,5,3,200,8,low,F,9,2741,1
1445,C,Road,5,2,234,6,low,F,58,2448,1
1446,B,Road,4,1,139,8,medium,M,6,5667,1
1447,A,Ship,4,4,254,3,low,M,7,5637,0
1448,B,Ship,5,4,191,3,high,F,7,4435,1
1449,A,Road,5,1,174,5,medium,F,6,4677,0
1450,C,Ship,5,4,215,2,low,F,45,3501,1
1451,B,Ship,5,3,188,2,low,M,6,4840,0
1452,A,Ship,3,4,148,3,low,M,37,1523,1
1453,A,Ship,4,4,218,4,medium,F,10,4967,0
1454,A,Ship,4,2,258,7,medium,M,3,4538,1
1455,C,Ship,6,3,251,4,low,M,1,1230,1
1456,B,Road,4,4,238,3,low,F,13,2042,1
1457,B,Flight,6,1,293,5,medium,F,7,1052,0
1458,A,Flight,4,3,177,3,low,F,7,4834,1
1459,B,Flight,4,2,267,5,low,F,2,1876,0
1460,C,Road,2,4,108,5,high,M,5,4874,1
1461,B,Ship,5,4,176,6,medium,M,9,4605,0
1462,A,Ship,5,5,148,4,medium,F,4,5909,0
1463,C,Ship,4,1,246,6,low,F,6,1335,1
1464,C,Road,3,5,188,3,high,F,9,3206,1
1465,B,Ship,4,1,233,2,medium,F,60,2671,1
1466,B,Road,3,4,206,3,medium,F,5,5915,0
1467,A,Ship,4,5,145,2,low,F,2,4686,1
1468,A,Ship,5,2,236,3,low,F,51,3402,1
1469,B,Ship,3,3,148,2,low,M,42,1950,1
1470,B,Ship,3,4,211,3,medium,M,8,3710,1
1471,C,Ship,4,3,247,10,high,M,10,5644,0
1472,A,Ship,3,4,226,2,medium,F,1,5460,0
1473,A,Flight,3,2,169,2,medium,F,10,4038,1
1474,B,Road,4,4,248,3,medium,M,59,2868,1
1475,A,Road,3,5,139,2,medium,M,64,1857,1
1476,A,Ship,6,5,279,4,low,M,7,1447,0
1477,A,Ship,3,3,168,3,medium,M,11,1008,1
1478,A,Ship,5,4,241,3,high,M,6,4157,0
1479,C,Ship,6,4,296,4,low,M,4,1973,0
1480,A,Flight,6,1,274,5,low,F,8,4292,1
1481,A,Ship,2,1,255,2,medium,M,9,5936,1
1482,A,Flight,6,3,233,6,low,F,9,4814,0
1483,A,Ship,3,3,152,3,low,M,6,5749,1
1484,C,Ship,2,5,186,2,medium,M,10,4506,0
1485,C,Ship,6,5,217,4,low,F,2,4073,0
1486,A,Ship,3,4,206,4,medium,M,2,4372,0
1487,C,Ship,5,2,258,3,medium,F,8,4921,0
1488,A,Ship,4,1,224,2,low,F,6,4454,1
1489,A,Ship,5,4,223,5,low,M,2,1400,0
1490,C,Ship,3,2,183,4,medium,F,12,2777,1
1491,B,Ship,3,4,153,3,medium,F,9,5474,0
1492,C,Ship,4,2,246,3,high,M,5,5960,0
1493,B,Ship,2,2,161,3,low,F,5,5999,1
1494,C,Ship,4,5,183,4,low,M,3,5881,0
1495,C,Ship,3,4,285,6,low,F,27,2249,1
1496,B,Ship,3,4,247,3,low,M,6,4873,0
1497,A,Ship,5,5,257,3,medium,F,9,5972,0
1498,C,Ship,5,3,184,5,low,M,3,5219,1
1499,A,Ship,3,1,238,6,medium,F,59,3375,1
1500,B,Ship,3,1,226,3,medium,F,8,5000,0
1501,B,Ship,3,4,231,6,medium,F,3,5910,1
1502,B,Ship,3,2,270,3,medium,M,9,5873,1
1503,B,Ship,3,1,177,3,medium,M,61,1880,1
1504,B,Road,4,3,272,4,low,M,61,2857,1
1505,B,Ship,4,5,253,3,low,F,58,3096,1
1506,A,Road,5,1,242,5,low,M,9,1767,0
1507,C,Flight,5,2,206,6,medium,M,23,2016,1
1508,B,Ship,3,5,205,4,low,M,2,1648,0
1509,A,Ship,2,5,265,2,low,F,50,3859,1
1510,A,Ship,5,1,238,6,medium,M,10,5508,0
1511,A,Ship,5,2,254,5,high,M,6,1491,1
1512,A,Flight,3,1,153,3,low,M,9,4404,0
1513,B,Ship,4,4,146,10,low,M,1,4351,0
1514,B,Ship,4,2,257,3,medium,M,8,5045,1
1515,A,Ship,4,3,136,3,medium,M,9,1548,1
1516,B,Ship,3,4,230,2,medium,F,15,2302,1
1517,C,Ship,4,2,187,2,medium,F,7,5524,1
1518,B,Flight,3,4,200,2,medium,M,14,3528,1
1519,A,Road,3,3,120,3,low,F,55,1534,1
1520,B,Ship,4,1,113,3,low,F,60,1200,1
1521,C,Flight,4,3,186,3,medium,F,9,5131,1
1522,B,Road,4,1,171,3,medium,M,10,5971,0
1523,C,Ship,5,4,199,4,low,M,24,3443,1
1524,C,Ship,3,4,134,2,medium,M,43,1198,1
1525,A,Ship,3,5,216,3,high,F,2,4242,0
1526,B,Ship,4,3,135,2,medium,F,53,1073,1
1527,C,Ship,3,5,236,3,medium,F,1,5220,0
1528,C,Flight,4,4,239,2,medium,M,4,4304,1
1529,C,Ship,3,4,181,2,medium,F,45,3448,1
1530,A,Ship,5,4,221,2,low,F,59,3444,1
1531,A,Ship,6,1,232,5,high,M,10,4345,0
1532,A,Ship,5,1,217,2,medium,M,6,5518,0
1533,B,Flight,4,4,229,2,medium,M,45,3776,1
1534,C,Ship,5,2,243,2,medium,M,58,2758,1
1535,B,Ship,5,2,160,4,medium,M,43,1479,1
1536,C,Ship,3,2,154,10,high,F,8,5811,1
1537,B,Road,5,5,263,2,medium,M,59,3238,1
1538,B,Ship,5,3,223,2,medium,F,9,5735,0
1539,B,Ship,3,1,198,2,low,F,8,4940,0
1540,B,Ship,3,3,148,5,medium,M,61,1452,1
1541,C,Ship,4,1,236,3,low,F,8,4114,0
1542,C,Ship,2,5,164,4,medium,M,2,1439,1
1543,C,Ship,3,5,147,3,medium,M,8,5272,1
1544,C,Road,5,5,230,2,medium,F,36,3381,1
1545,A,Ship,3,5,203,2,medium,M,61,3642,1
1546,A,Ship,3,3,220,3,high,F,6,5269,1
1547,B,Ship,2,4,180,2,low,F,8,4321,1
1548,B,Flight,6,2,259,4,medium,M,6,1066,1
1549,C,Ship,3,1,193,10,high,F,1,4459,0
1550,C,Flight,3,3,255,2,high,M,7,3311,1
1551,C,Flight,3,3,123,5,medium,F,5,4292,0
1552,B,Ship,4,3,237,3,medium,F,8,5045,1
1553,B,Ship,3,2,180,2,low,F,6,1811,1
1554,B,Ship,5,2,178,5,low,F,5,5167,0
1555,A,Ship,4,1,199,2,low,F,46,3371,1
1556,B,Ship,2,5,201,3,medium,F,29,3894,1
1557,B,Flight,5,3,228,3,medium,F,38,3631,1
1558,B,Road,3,5,251,2,low,F,28,3936,1
1559,A,Ship,4,4,252,6,medium,M,44,2676,1
1560,C,Ship,4,1,270,4,medium,F,64,3312,1
1561,C,Ship,2,3,157,2,low,M,45,1965,1
1562,C,Ship,5,5,259,3,medium,F,1,4608,0
1563,A,Flight,2,2,237,5,low,M,8,4461,0
1564,B,Ship,4,5,135,3,low,M,1,5013,0
1565,A,Road,3,3,274,3,low,F,5,5981,1
1566,B,Ship,3,4,243,2,low,F,14,3693,1
1567,C,Road,6,4,150,5,medium,F,8,4709,0
1568,A,Road,4,5,218,3,low,F,40,3200,1
1569,A,Flight,7,5,260,4,low,F,3,1930,1
1570,A,Ship,4,5,260,3,medium,F,6,4221,0
1571,A,Ship,3,1,145,3,high,F,10,4364,0
1572,C,Flight,4,2,175,3,high,M,4,4426,0
1573,B,Road,4,4,268,6,medium,F,3,4834,0
1574,A,Ship,6,1,275,4,low,M,7,1767,0
1575,A,Ship,3,4,192,3,medium,F,31,3331,1
1576,A,Flight,5,2,260,3,low,F,22,2935,1
1577,C,Ship,4,4,173,3,medium,F,61,1609,1
1578,B,Ship,5,3,257,5,low,F,8,1409,0
1579,B,Ship,5,3,190,3,high,M,45,2628,1
1580,C,Ship,4,3,225,5,low,M,8,4195,0
1581,A,Ship,2,2,180,3,low,M,33,1217,1
1582,C,Flight,5,5,131,5,low,F,1,5299,1
1583,C,Flight,3,4,138,2,medium,F,8,4837,0
1584,A,Ship,3,4,151,3,medium,M,5,4767,1
1585,A,Ship,5,5,193,5,high,F,4,5087,1
1586,B,Ship,5,1,167,2,low,M,62,1884,1
1587,C,Ship,3,3,153,3,medium,M,5,4578,1
1588,C,Ship,4,1,208,7,high,M,8,2193,1
1589,C,Ship,6,1,289,5,medium,M,7,1223,0
1590,C,Flight,4,1,227,3,medium,M,54,3043,1
1591,B,Ship,3,4,177,3,low,F,6,4445,0
1592,B,Ship,5,4,232,5,medium,F,4,1561,0
1593,A,Ship,4,2,249,3,low,F,9,5459,1
1594,A,Road,4,3,152,3,low,M,58,1453,1
1595,C,Ship,4,4,268,4,low,M,5,5647,0
1596,B,Ship,3,3,157,3,medium,M,10,4877,0
1597,A,Road,3,1,145,4,low,F,58,1751,1
1598,B,Flight,5,2,223,5,low,F,5,1010,1
1599,C,Ship,4,5,231,4,medium,M,9,5528,0
1600,B,Ship,4,1,276,5,low,F,2,1246,0
1601,A,Ship,5,1,246,3,low,F,3,5013,0
1602,B,Flight,3,5,202,4,medium,F,7,4458,0
1603,C,Ship,5,2,165,5,medium,M,9,5313,0
1604,C,Ship,4,2,235,3,low,F,21,3088,1
1605,C,Road,6,4,289,4,low,F,1,1656,0
1606,A,Ship,3,5,180,3,low,M,6,1228,1
1607,A,Flight,3,5,190,5,high,F,7,4457,0
1608,B,Ship,5,5,235,5,low,M,4,1758,0
1609,A,Flight,3,4,201,3,medium,M,10,4032,1
1610,C,Ship,3,4,180,3,low,M,2,5659,1
1611,A,Ship,5,5,233,3,high,M,5,5330,0
1612,C,Ship,4,2,274,2,medium,M,55,3416,1
1613,B,Ship,3,2,245,3,medium,M,13,3775,1
1614,C,Ship,7,4,305,4,medium,F,6,1873,0
1615,C,Ship,2,3,239,6,medium,M,4,4022,0
1616,C,Ship,6,1,104,4,medium,F,23,1442,1
1617,C,Ship,7,2,302,5,medium,M,5,1614,0
1618,C,Road,3,4,261,2,medium,F,52,3340,1
1619,B,Ship,3,4,160,3,medium,M,3,5662,0
1620,C,Road,3,2,122,4,low,F,9,5299,1
1621,C,Ship,4,3,161,7,medium,M,63,1496,1
1622,A,Flight,5,5,161,3,medium,F,59,1037,1
1623,A,Ship,4,2,257,3,low,M,3,5549,1
1624,B,Road,2,3,225,7,high,M,7,4009,1
1625,B,Ship,3,1,239,3,low,F,63,2154,1
1626,C,Ship,5,2,263,4,low,M,3,1740,1
1627,C,Ship,5,4,242,5,low,F,4,1155,0
1628,A,Ship,3,2,133,3,medium,M,1,5026,1
1629,A,Ship,4,5,247,5,low,M,9,1499,0
1630,A,Ship,4,5,258,5,medium,M,2,1481,0
1631,B,Ship,2,4,144,2,medium,M,5,5867,0
1632,B,Ship,3,2,198,5,medium,F,6,5443,0
1633,B,Ship,3,1,171,2,low,M,10,5379,1
1634,C,Ship,2,2,226,3,low,M,5,5875,0
1635,B,Ship,3,3,249,5,medium,F,9,1752,0
1636,C,Ship,3,4,171,3,low,F,5,5872,0
1637,C,Ship,5,2,203,2,medium,F,2,4712,1
1638,C,Ship,3,1,137,5,low,F,8,4980,1
1639,C,Ship,5,2,209,4,medium,F,12,2933,1
1640,B,Road,5,1,238,3,low,M,32,3832,1
1641,C,Ship,4,2,156,3,low,F,1,5361,0
1642,B,Ship,6,1,232,6,low,M,4,5877,0
1643,C,Ship,4,2,193,2,medium,F,1,5909,0
1644,B,Ship,6,5,258,4,low,M,5,1966,1
1645,C,Ship,2,4,178,4,medium,F,8,4620,0
1646,A,Ship,3,3,249,3,low,M,10,5184,0
1647,A,Flight,4,3,185,10,high,F,7,4818,1
1648,B,Road,3,1,175,2,low,M,42,1668,1
1649,A,Ship,3,3,163,3,low,M,5,5638,0
1650,C,Ship,5,5,240,5,medium,M,10,1574,1
1651,C,Road,3,3,176,3,medium,M,9,5575,0
1652,A,Ship,5,2,229,2,medium,M,1,5724,0
1653,C,Ship,7,3,301,4,medium,M,1,1966,1
1654,B,Road,5,2,152,3,high,F,5,5502,1
1655,A,Ship,2,5,166,4,medium,F,3,4638,0
1656,B,Ship,5,1,257,4,medium,M,1,4924,0
1657,A,Ship,3,5,270,5,low,M,31,3737,1
1658,A,Ship,3,4,100,3,medium,M,4,4191,0
1659,C,Road,2,1,130,4,medium,F,10,4726,0
1660,C,Road,5,3,256,6,medium,F,5,5614,1
1661,B,Ship,3,2,234,2,medium,M,8,4012,1
1662,A,Ship,6,4,121,5,low,M,23,1734,1
1663,B,Ship,6,2,143,5,low,M,17,1955,1
1664,B,Ship,4,4,191,6,low,F,60,3425,1
1665,B,Ship,3,4,273,2,medium,F,5,5223,0
1666,C,Road,4,4,193,2,low,F,6,4855,1
1667,A,Flight,5,1,182,5,high,F,6,5398,0
1668,C,Ship,3,5,184,3,low,F,2,4357,1
1669,C,Flight,5,3,154,4,low,F,3,1066,1
1670,B,Flight,4,2,253,2,low,F,4,4502,1
1671,B,Flight,4,3,146,4,medium,F,24,1844,1
1672,A,Ship,4,2,141,3,low,M,34,1619,1
1673,B,Road,3,3,167,3,low,F,8,4420,0
1674,C,Flight,4,1,190,4,medium,F,5,5570,1
1675,A,Ship,4,5,199,4,medium,M,1,5585,1
1676,C,Ship,3,3,146,2,low,M,50,1486,1
1677,B,Ship,4,4,196,4,low,F,10,4871,1
1678,A,Ship,4,3,148,3,high,F,7,5034,1
1679,C,Road,4,3,137,3,medium,F,10,4820,1
1680,C,Ship,5,5,242,4,medium,F,2,5359,0
1681,C,Ship,4,2,212,3,medium,M,3,5427,1
1682,A,Ship,7,3,255,4,medium,F,4,1373,0
1683,C,Ship,4,5,201,3,low,F,1,5898,1
1684,B,Ship,6,4,254,4,low,M,9,1594,0
1685,A,Ship,3,4,197,6,medium,M,3,4890,1
1686,C,Ship,3,1,223,3,medium,F,31,3942,1
1687,B,Flight,5,3,225,7,medium,F,45,3162,1
1688,A,Ship,3,5,270,3,medium,M,5,4843,1
1689,A,Ship,6,3,259,5,medium,F,1,1271,0
1690,C,Road,3,5,253,4,medium,F,5,4761,1
1691,A,Flight,3,4,179,2,low,M,51,1041,1
1692,A,Ship,5,4,252,5,low,M,2,1847,1
1693,B,Ship,5,3,156,2,low,M,1,1147,1
1694,A,Ship,5,1,176,6,medium,M,9,4839,1
1695,A,Ship,4,5,175,2,medium,M,4,4910,1
1696,C,Road,3,3,133,2,medium,M,8,4241,0
1697,B,Ship,3,1,173,2,low,M,10,4115,1
1698,A,Flight,3,5,183,3,medium,F,44,3158,1
1699,C,Road,6,2,235,5,low,F,5,1051,1
1700,C,Ship,5,2,254,2,low,F,5,4985,1
1701,B,Road,5,5,161,5,high,F,54,1511,1
1702,A,Ship,5,2,226,5,medium,M,5,1659,0
1703,A,Ship,3,1,171,2,medium,F,7,4010,1
1704,C,Flight,6,3,276,4,low,M,6,1670,1
1705,C,Ship,2,3,184,4,medium,M,3,4719,0
1706,B,Ship,6,5,282,4,low,M,5,1364,1
1707,A,Road,3,5,240,8,low,M,9,4436,1
1708,B,Flight,5,3,230,5,medium,M,4,1123,0
1709,A,Flight,3,4,186,2,low,F,4,4585,0
1710,C,Ship,4,5,208,2,medium,M,33,2170,1
1711,C,Ship,3,5,188,4,medium,M,3,4033,0
1712,B,Ship,4,2,233,7,medium,M,56,3925,1
1713,B,Ship,3,3,104,5,low,F,5,4643,0
1714,B,Ship,3,5,166,3,medium,F,9,5275,1
1715,C,Ship,4,2,201,3,medium,F,39,2066,1
1716,B,Flight,4,4,141,2,low,F,30,1130,1
1717,B,Flight,5,5,232,5,medium,F,6,1246,0
1718,A,Ship,4,2,201,2,low,M,3,4869,1
1719,B,Ship,5,5,186,4,medium,F,9,5592,1
1720,B,Ship,3,5,251,3,low,M,1,5073,0
1721,A,Ship,3,1,155,3,medium,F,7,5709,0
1722,B,Ship,7,3,306,4,low,F,4,1630,0
1723,A,Ship,6,5,269,4,low,M,5,1264,1
1724,A,Ship,4,5,127,8,low,M,39,1411,1
1725,A,Flight,4,2,148,2,medium,M,3,4651,0
1726,C,Ship,4,2,149,5,medium,F,8,4209,0
1727,B,Ship,5,3,260,2,low,M,10,5633,0
1728,B,Ship,5,4,208,4,medium,F,8,4116,0
1729,C,Ship,3,4,205,8,medium,F,5,4869,1
1730,C,Ship,4,3,125,4,medium,M,7,4203,1
1731,A,Ship,4,3,214,2,medium,F,6,4345,0
1732,A,Flight,3,1,104,4,low,F,9,5211,1
1733,C,Road,4,5,197,3,low,F,34,3784,1
1734,C,Road,3,3,168,2,low,F,9,4608,0
1735,C,Ship,6,4,283,4,medium,M,1,1384,1
1736,B,Flight,5,4,245,5,low,F,5,1293,1
1737,B,Ship,3,5,150,2,low,F,48,1256,1
1738,A,Ship,4,3,134,4,low,F,5,4507,1
1739,C,Ship,6,2,283,2,low,F,18,3077,1
1740,A,Ship,4,5,266,3,medium,F,2,4867,0
1741,A,Ship,4,5,168,3,low,F,4,1363,1
1742,C,Ship,3,4,210,2,medium,M,29,3142,1
1743,C,Ship,3,5,239,6,low,F,8,5791,1
1744,A,Ship,3,1,194,4,low,F,8,4308,0
1745,C,Ship,5,5,175,6,low,F,2,4883,1
1746,B,Ship,4,3,198,7,medium,F,1,5315,0
1747,C,Ship,5,4,223,3,low,M,8,4310,1
1748,A,Ship,5,5,230,3,low,F,10,5163,0
1749,B,Ship,6,3,280,3,low,M,7,4620,1
1750,B,Ship,3,4,255,4,low,F,12,2266,1
1751,A,Flight,4,2,258,5,low,F,8,1878,0
1752,B,Road,5,3,244,5,low,F,3,1174,0
1753,C,Ship,4,1,162,6,low,M,1,5525,1
1754,A,Ship,3,1,270,4,low,M,47,3487,1
1755,C,Ship,5,5,236,3,medium,F,62,3365,1
1756,B,Flight,2,5,151,3,medium,M,9,4767,1
1757,B,Ship,4,1,225,5,low,M,3,1488,0
1758,C,Ship,5,2,182,4,medium,F,9,5159,0
1759,C,Ship,5,3,143,3,low,M,6,4761,1
1760,A,Ship,6,5,139,6,medium,F,10,1081,1
1761,C,Ship,2,3,234,4,low,M,44,3134,1
1762,A,Ship,6,1,283,5,low,F,5,1298,0
1763,C,Ship,3,3,176,3,low,F,1,5168,0
1764,A,Road,5,1,247,10,medium,F,57,2377,1
1765,A,Ship,3,1,248,3,medium,M,7,5588,0
1766,B,Road,3,2,260,2,low,M,7,5553,1
1767,B,Ship,3,1,197,5,low,M,45,2224,1
1768,C,Flight,7,3,307,4,low,M,1,1793,1
1769,A,Ship,5,3,150,2,low,M,2,1682,1
1770,A,Ship,4,3,148,4,low,F,1,4243,0
1771,A,Ship,3,5,283,2,low,M,2,4207,0
1772,B,Ship,5,4,199,4,low,F,7,5740,0
1773,A,Flight,6,3,229,8,medium,M,6,4600,0
1774,B,Ship,5,5,236,5,low,F,7,1137,0
1775,B,Ship,4,3,226,2,low,F,8,4526,0
1776,B,Road,5,4,199,5,medium,F,6,4417,1
1777,C,Ship,6,5,248,4,low,F,10,1005,0
1778,C,Ship,4,3,159,5,low,M,4,4666,1
1779,B,Ship,4,2,161,3,low,F,4,5947,0
1780,B,Ship,4,2,150,2,low,F,2,5301,0
1781,B,Road,5,3,267,6,low,M,10,1027,0
1782,B,Road,3,2,268,10,medium,M,9,4483,0
1783,A,Ship,5,3,219,6,low,F,9,1019,0
1784,C,Ship,4,3,145,3,low,F,5,5802,1
1785,A,Ship,4,2,180,3,medium,M,6,4417,0
1786,B,Ship,3,5,243,3,medium,M,4,3189,1
1787,A,Ship,4,3,264,6,medium,F,7,1178,1
1788,B,Ship,5,3,248,3,medium,M,4,2207,1
1789,B,Ship,5,3,174,5,medium,M,47,1909,1
1790,B,Flight,4,2,181,3,low,M,4,5078,0
1791,A,Ship,4,2,171,3,low,M,34,1352,1
1792,A,Ship,3,2,176,2,low,F,2,5083,0
1793,B,Ship,3,4,181,2,medium,F,4,4629,0
1794,B,Ship,6,4,221,5,low,M,9,4360,0
1795,A,Road,3,1,200,2,low,F,5,4884,0
1796,A,Road,2,3,126,4,high,F,3,1364,1
1797,B,Ship,4,5,221,5,low,F,5,1608,1
1798,C,Ship,3,3,205,2,medium,F,54,2427,1
1799,B,Ship,3,3,186,3,low,M,24,3262,1
1800,A,Ship,3,1,250,3,low,F,7,4760,0
1801,B,Ship,4,4,141,3,low,M,22,1735,1
1802,C,Flight,2,1,156,3,medium,M,3,5937,0
1803,C,Flight,6,4,243,4,low,M,9,1353,1
1804,B,Road,4,3,216,3,medium,M,35,2567,1
1805,A,Ship,6,3,247,4,low,M,3,1616,1
1806,A,Ship,3,4,198,2,medium,M,19,2373,1
1807,A,Road,4,5,234,3,low,M,3,5438,0
1808,B,Ship,5,2,214,6,low,F,3,3234,1
1809,B,Ship,7,5,289,4,low,M,9,1904,0
1810,C,Flight,5,1,264,6,high,F,4,5337,0
1811,C,Ship,2,2,150,2,medium,F,9,4917,1
1812,B,Flight,3,2,152,3,medium,F,7,4244,0
1813,B,Ship,6,4,286,4,medium,M,9,1096,1
1814,B,Ship,4,3,261,3,low,F,10,2802,1
1815,B,Flight,2,1,238,4,medium,F,4,4780,0
1816,A,Ship,5,1,230,4,medium,M,4,5363,0
1817,A,Ship,4,2,233,5,low,F,8,1097,0
1818,B,Road,4,1,137,2,low,M,3,4657,0
1819,B,Ship,6,4,294,4,medium,M,6,1112,0
1820,B,Ship,7,5,281,4,low,M,8,1987,1
1821,B,Ship,3,1,242,6,low,M,10,5493,1
1822,B,Road,4,5,180,2,medium,M,1,5622,0
1823,C,Ship,3,4,252,2,high,M,9,4278,0
1824,B,Ship,6,2,244,4,medium,F,1,1406,1
1825,B,Ship,5,3,262,5,low,M,7,4157,0
1826,B,Flight,6,2,229,3,medium,M,13,2322,1
1827,A,Ship,4,4,188,3,low,M,6,4174,1
1828,A,Flight,3,1,142,2,high,M,18,1428,1
1829,B,Ship,3,5,268,2,medium,F,10,5895,0
1830,B,Ship,5,2,169,2,medium,M,4,6000,1
1831,A,Ship,4,2,143,6,medium,M,20,1654,1
1832,A,Road,2,2,163,3,low,M,5,5887,0
1833,C,Road,4,3,225,3,low,F,62,2587,1
1834,A,Flight,4,2,166,3,low,M,5,1610,1
1835,B,Ship,4,1,191,3,low,M,4,2724,1
1836,A,Road,6,3,232,5,high,M,10,4576,1
1837,C,Flight,4,4,264,5,low,M,3,1782,0
1838,A,,2,3,140,2,medium,M,20,1832,1
1839,B,Ship,4,5,157,3,medium,F,2,4343,1
1840,A,Ship,6,4,271,4,low,F,6,1091,0
1841,B,Flight,4,3,225,8,low,M,8,4718,1
1842,C,Ship,5,3,179,3,low,F,3,4131,0
1843,C,Flight,5,2,159,3,low,M,5,4930,0
1844,B,Ship,3,4,243,2,high,M,7,4024,0
1845,A,Road,4,4,218,5,medium,F,36,2995,1
1846,B,Road,3,5,159,2,high,F,9,4099,1
1847,A,Ship,3,5,268,3,low,F,6,4172,1
1848,B,Ship,4,4,248,3,low,F,1,5198,0
1849,B,Flight,4,3,258,3,medium,M,58,2579,1
1850,C,Ship,5,4,223,3,low,M,7,4671,1
1851,C,Ship,4,3,186,2,low,M,7,4947,1
1852,C,Flight,3,2,257,5,low,M,5,4130,1
1853,A,Flight,2,5,272,2,low,M,24,3638,1
1854,A,Ship,2,5,271,3,low,M,9,4185,0
1855,A,Road,6,2,309,4,medium,M,10,1782,0
1856,A,Ship,6,2,291,4,low,M,9,1241,1
1857,A,Road,4,1,204,6,low,M,1,4943,0
1858,A,Ship,7,5,296,4,low,F,2,1823,1
1859,C,Ship,3,1,212,2,medium,M,7,5022,0
1860,B,Ship,5,5,236,5,low,M,3,1933,1
1861,C,Flight,3,4,245,4,low,M,20,2534,1
1862,C,Ship,4,3,261,2,high,M,47,2336,1
1863,B,Road,6,4,249,4,low,M,2,1516,0
1864,C,Ship,4,5,261,2,high,M,49,3045,1
1865,B,Ship,5,2,195,6,high,M,5,5339,1
1866,B,Ship,4,4,172,2,medium,F,3,5538,1
1867,C,Ship,4,1,255,5,medium,F,1,1918,1
1868,C,Ship,4,3,163,3,low,F,7,4556,0
1869,C,Road,6,2,134,8,high,M,42,1054,1
1870,A,Ship,4,5,233,4,low,F,6,4652,0
1871,A,Ship,5,5,153,5,medium,M,10,5297,0
1872,A,Road,4,4,204,4,medium,F,35,2513,1
1873,A,Flight,3,4,174,3,low,F,3,5366,1
1874,B,Ship,4,1,265,6,low,F,9,1753,1
1875,A,Ship,4,2,249,5,low,M,2,1195,0
1876,B,Road,3,5,110,3,medium,M,3,4252,1
1877,C,Road,5,3,249,4,medium,M,1,1014,1
1878,A,Flight,3,3,234,3,medium,F,3,4187,1
1879,A,Ship,3,5,146,5,high,F,7,4538,0
1880,C,Ship,5,4,179,6,medium,F,8,4615,1
1881,A,Ship,4,1,204,4,low,F,3,1667,0
1882,B,Ship,2,2,160,3,low,M,48,1691,1
1883,A,Ship,3,5,258,3,low,F,5,4494,0
1884,C,Road,6,1,280,4,low,F,5,1624,0
1885,A,Ship,3,2,174,3,low,M,4,1337,1
1886,B,Ship,3,3,238,2,medium,M,2,5512,0
1887,C,Road,6,1,302,4,low,F,1,1622,1
1888,C,Ship,3,3,207,3,low,M,7,4816,1
1889,C,Road,3,4,196,2,medium,F,5,4342,1
1890,B,Ship,5,2,168,3,low,M,26,1526,1
1891,C,Ship,4,1,142,2,low,M,26,1683,1
1892,C,Ship,3,2,154,2,high,F,4,1009,1
1893,A,Ship,4,2,222,2,medium,F,16,2518,1
1894,A,Road,5,1,177,2,medium,M,9,4881,0
1895,A,Flight,3,4,262,2,low,M,15,3287,1
1896,C,Ship,2,5,255,5,medium,F,53,3775,1
1897,A,Road,6,3,236,3,medium,M,6,2639,1
1898,A,Flight,6,1,157,6,low,M,1,4631,1
1899,C,Flight,2,5,254,2,low,M,10,5718,1
1900,A,Ship,3,3,196,3,low,M,4,5622,0
1901,A,Ship,3,5,257,3,low,M,5,5657,0
1902,B,Ship,4,4,274,2,low,F,3,4257,0
1903,B,Road,3,4,200,3,medium,F,49,2942,1
1904,B,Road,5,3,193,4,medium,F,3,5026,0
1905,C,Ship,4,2,205,2,low,F,10,5580,0
1906,C,Road,4,5,253,2,medium,F,43,2589,1
1907,A,Flight,2,2,255,3,low,M,59,1514,1
1908,A,Ship,5,4,250,6,low,F,1,4343,0
1909,B,Ship,5,5,248,2,low,M,4,5587,0
1910,A,Ship,2,2,180,2,high,M,1,,0
1911,A,Flight,4,5,273,5,low,M,2,1441,0
1912,A,Ship,3,1,205,2,medium,F,2,5322,0
1913,A,Ship,6,4,287,4,medium,M,7,,1
1914,C,Road,4,2,197,3,low,F,2,5707,0
1915,A,Ship,3,1,139,3,medium,F,3,5847,1
1916,B,Ship,2,3,176,3,low,F,6,5006,0
1917,B,,5,3,212,2,low,F,7,5219,0
1918,A,Ship,4,2,137,2,medium,F,2,5804,1
1919,C,Road,4,3,192,3,low,F,10,4068,0
1920,B,Ship,3,5,133,3,medium,M,7,4314,0
1921,A,Ship,5,1,230,6,low,F,60,2067,1
1922,B,Road,6,1,237,5,medium,M,3,5299,1
1923,B,Ship,4,3,187,4,low,M,9,5699,1
1924,C,Ship,3,2,177,3,low,F,5,5941,0
1925,C,Ship,4,3,238,6,low,M,2,1898,0
1926,C,Ship,4,2,194,3,low,F,10,,1
1927,A,Ship,5,4,157,4,low,M,58,1252,1
1928,A,Ship,3,3,230,3,low,M,4,4018,1
1929,B,Ship,2,4,238,3,medium,M,4,,1
1930,B,Flight,4,3,148,3,medium,M,8,4240,1
1931,C,Road,5,1,258,3,high,M,3,4908,0
1932,B,Ship,3,1,202,2,high,F,21,3120,1
1933,A,Ship,4,2,201,3,medium,F,4,,0
1934,A,Ship,3,4,254,3,high,M,4,5830,1
1935,A,Ship,4,2,243,5,medium,F,4,1633,1
1936,B,Ship,2,1,241,3,medium,F,5,5697,1
1937,C,Flight,5,1,231,2,low,M,10,4892,1
1938,C,Flight,4,3,210,3,low,F,46,,1
1939,A,Ship,3,3,202,4,low,F,3,4003,1
1940,B,Ship,3,2,231,4,medium,M,48,3370,1
1941,B,Ship,3,1,231,3,medium,F,33,2755,1
1942,C,Road,4,4,245,4,medium,F,6,5051,0
1943,B,Ship,3,2,198,4,low,F,3,4172,1
1944,C,Ship,3,4,235,2,low,F,10,4575,0
1945,C,Road,6,5,148,4,low,M,1,5216,1
1946,C,Flight,4,5,210,2,medium,M,5,5683,0
1947,C,,3,1,135,2,medium,M,2,4163,0
1948,A,Ship,3,3,218,3,low,F,4,5086,1
1949,B,Ship,3,3,272,3,low,M,2,4059,1
1950,C,Road,3,4,248,4,medium,M,8,4540,0
1951,C,Ship,4,1,221,3,low,F,3,2546,1
1952,A,Ship,6,3,231,4,low,F,7,4553,1
1953,C,Flight,4,5,210,4,medium,F,28,3905,1
1954,A,Flight,5,4,238,3,high,F,5,5907,1
1955,A,Ship,3,1,186,3,high,F,1,5694,1
1956,B,Ship,5,1,245,5,low,F,5,1996,1
1957,A,Ship,4,1,222,4,medium,F,42,2762,1
1958,B,Ship,4,2,225,3,low,M,52,3189,1
1959,B,Ship,3,1,242,3,medium,F,10,3606,1
1960,A,Ship,3,5,171,3,low,F,49,1333,1
1961,B,Ship,4,4,266,3,medium,F,5,4641,0
1962,A,Flight,4,1,242,2,low,M,34,3966,1
1963,A,Ship,5,1,105,6,medium,M,62,1292,1
1964,B,Ship,3,2,206,2,low,M,3,2261,1
1965,B,Flight,5,1,266,5,medium,F,2,1798,0
1966,A,Ship,4,2,270,5,low,F,10,1340,0
1967,A,Ship,3,3,173,5,medium,F,10,5840,0
1968,A,Ship,2,5,154,3,medium,F,1,4377,0
1969,B,Road,4,3,149,4,medium,M,1,4678,0
1970,A,Ship,5,3,199,10,medium,F,1,5865,0
1971,A,Ship,5,5,253,2,high,F,3,,0
1972,A,Ship,6,3,260,5,low,M,8,1324,1
1973,B,Ship,4,1,196,3,low,M,4,4634,1
1974,A,,6,5,282,4,medium,F,4,1013,0
1975,C,Ship,4,2,196,2,low,M,4,5852,0
1976,B,Ship,4,4,177,3,medium,M,23,1142,1
1977,A,Ship,3,4,150,2,low,M,1,4742,0
1978,B,Ship,3,1,231,2,low,M,44,3688,1
1979,A,Road,4,5,169,4,low,M,5,5347,0
1980,A,Road,3,2,185,2,high,F,49,3864,1
1981,B,Ship,4,5,135,3,low,F,6,4557,0
1982,C,Road,5,4,254,2,low,M,9,5658,1
1983,B,Ship,3,3,250,3,low,M,9,4993,0
1984,C,Flight,5,5,171,3,medium,F,6,4209,1
1985,B,Ship,3,5,180,4,low,F,9,5105,1
1986,A,Ship,4,5,188,3,low,F,6,3361,1
1987,C,Road,4,4,203,5,low,M,36,3912,1
1988,C,Ship,6,3,278,4,high,F,3,1033,0
1989,B,Ship,4,4,268,3,low,M,7,5947,0
1990,A,Ship,3,4,113,3,medium,M,1,5765,1
1991,A,Ship,4,2,163,3,low,F,11,1926,1
1992,B,Ship,3,2,211,4,high,M,1,5831,1
1993,C,Road,3,5,242,2,low,F,6,5635,0
1994,C,Ship,5,4,134,3,medium,M,4,4908,0
1995,A,Ship,4,5,273,3,low,F,1,,1
1996,C,Ship,6,2,279,4,low,F,10,1990,1
1997,B,Ship,3,2,148,2,low,F,58,1537,1
1998,C,,5,1,248,5,low,F,8,1810,0
1999,C,Ship,3,3,142,3,low,F,7,4439,0
2000,C,Road,6,1,255,4,low,M,5,1253,1
